id,election_id,upper_tier,lower_tier,current_council,year,ward_id,ward_name,candidate,party,vote,female,vacancies,rank,electorate,ballots_cast,turnout,vote_share,source,note,,,,,,
whis_001,1946whis1001,,Whiston,,1946,whis1001,Bold,J. Forster,Ind,477,0,2,1,,1588,,60.07557,,,,,,,,
whis_002,1946whis1001,,Whiston,,1946,whis1001,Bold,H. T. Hulme,Ind,438,0,2,2,,1588,,55.16373,,,,,,,,
whis_003,1946whis1001,,Whiston,,1946,whis1001,Bold,F. Martin,Lab,341,0,2,3,,1588,,42.9471,,,,,,,,
whis_004,1946whis1001,,Whiston,,1946,whis1001,Bold,J. O'Leary,Ind,332,0,2,4,,1588,,41.8136,,,,,,,,
whis_005,1946whis1002,,Whiston,,1946,whis1002,Cronton,D. B. R. Whitfield,Ind,Unop,0,1,,,0,,,,,,,,,,
whis_006,1946whis1003,,Whiston,,1946,whis1003,Eccleston,S. Reakes,Ind,893,0,2,1,,3786,,47.1738,,,,,,,,
whis_007,1946whis1003,,Whiston,,1946,whis1003,Eccleston,D. Saunders,Ind,760,0,2,2,,3786,,40.14791,,,,,,,,
whis_008,1946whis1003,,Whiston,,1946,whis1003,Eccleston,C. H. Taylor,Ind,660,0,2,3,,3786,,34.86529,,,,,,,,
whis_009,1946whis1003,,Whiston,,1946,whis1003,Eccleston,Harry Taylor,Ind,510,0,2,4,,3786,,26.94136,,,,,,,,
whis_010,1946whis1003,,Whiston,,1946,whis1003,Eccleston,H. E. Moody,Ind,399,0,2,5,,3786,,21.07765,,,,,,,,
whis_011,1946whis1003,,Whiston,,1946,whis1003,Eccleston,F. G. Briggs,Lab,335,0,2,6,,3786,,17.69678,,,,,,,,
whis_012,1946whis1003,,Whiston,,1946,whis1003,Eccleston,Mrs E. J. Rogers,Lab,229,1,2,7,,3786,,12.0972,,,,,,,,
whis_013,1946whis1004,,Whiston,,1946,whis1004,Hale,J. H. Mills,Con,Unop,0,1,,,0,,,,,,,,,,
whis_014,1946whis1005,,Whiston,,1946,whis1005,Halewood,F. J. Lunt,Ind,549,0,2,1,,1882,,58.34219,,,,,,,,
whis_015,1946whis1005,,Whiston,,1946,whis1005,Halewood,J. T Court,Ind,545,0,2,2,,1882,,57.91711,,,,,,,,
whis_016,1946whis1005,,Whiston,,1946,whis1005,Halewood,Mrs M. K. Lamb,Lab,399,1,2,3,,1882,,42.4017,,,,,,,,
whis_017,1946whis1005,,Whiston,,1946,whis1005,Halewood,C. W. Dyter,Lab,389,0,2,4,,1882,,41.339,,,,,,,,
whis_018,1946whis1006,,Whiston,,1946,whis1006,Kirkby,C. S. Powell,Ind,616,0,1,1,,816,,75.4902,,,,,,,,
whis_019,1946whis1006,,Whiston,,1946,whis1006,Kirkby,W. R. Lennie,Lab,200,0,1,2,,816,,24.5098,,,,,,,,
whis_020,1946whis1007,,Whiston,,1946,whis1007,Knowsley,S. W. Gane,Lab,509,0,2,1,,1675,,60.77612,,,,,,,,
whis_021,1946whis1007,,Whiston,,1946,whis1007,Knowsley,H. Rattway,Lab,491,0,2,2,,1675,,58.62687,,,,,,,,
whis_022,1946whis1007,,Whiston,,1946,whis1007,Knowsley,J. M. Rawlinson,Ind,362,0,2,3,,1675,,43.22388,,,,,,,,
whis_023,1946whis1007,,Whiston,,1946,whis1007,Knowsley,F. Smith,Ind,313,0,2,4,,1675,,37.37313,,,,,,,,
whis_024,1946whis1008,,Whiston,,1946,whis1008,Rainhill,F. Dickie,Lab,910,0,2,1,,2412,,75.45605,,,,,,,,
whis_025,1946whis1008,,Whiston,,1946,whis1008,Rainhill,H. Welsby,Con,852,0,2,2,,2412,,70.64677,,,,,,,,
whis_026,1946whis1008,,Whiston,,1946,whis1008,Rainhill,J. Moore,Lab,344,0,2,3,,2412,,28.52405,,,,,,,,
whis_027,1946whis1008,,Whiston,,1946,whis1008,Rainhill,G. Scott,Con,306,0,2,4,,2412,,25.37313,,,,,,,,
whis_028,1946whis1009,,Whiston,,1946,whis1009,Tarbock,J. E. Cartwright,Ind,Unop,0,1,,,0,,,,,,,,,,
whis_029,1946whis1010,,Whiston,,1946,whis1010,Whiston,T. Henry,Lab,1037,0,2,1,,2915,,71.14923,,,,,,,,
whis_030,1946whis1010,,Whiston,,1946,whis1010,Whiston,J. Williams,Lab,1014,0,2,2,,2915,,69.57118,,,,,,,,
whis_031,1946whis1010,,Whiston,,1946,whis1010,Whiston,A. Stott,Ind,311,0,2,3,,2915,,21.33791,,,,,,,,
whis_032,1946whis1010,,Whiston,,1946,whis1010,Whiston,E. Cork,Ind,271,0,2,4,,2915,,18.59348,,,,,,,,
whis_033,1946whis1010,,Whiston,,1946,whis1010,Whiston,S. Wroe,Ind,163,0,2,5,,2915,,11.18353,,,,,,,,
whis_034,1946whis1010,,Whiston,,1946,whis1010,Whiston,E.W. Phizackerley,Ind,119,0,2,6,,2915,,8.164665,,,,,,,,
whis_035,1946whis1011,,Whiston,,1946,whis1011,Windle,R. Fitzpatrick,Ind,431,0,1,1,,1124,,38.3452,,,,,,,,
whis_036,1946whis1011,,Whiston,,1946,whis1011,Windle,L. Sampson,Ind,352,0,1,2,,1124,,31.31673,,,,,,,,
whis_037,1946whis1011,,Whiston,,1946,whis1011,Windle,A. Stretch,Lab,341,0,1,3,,1124,,30.33808,,,,,,,,
whis_038,1947whis1001,,Whiston,,1947,whis1001,Bold,,,,,,,,0,,,,,,,,,,
whis_039,1949whis1001,,Whiston,,1949,whis1001,Bold,H. Whitfield,Con,Unop,0,2,,,0,,,,,,,,,,
whis_040,1949whis1001,,Whiston,,1949,whis1001,Bold,J. Forster,Con,Unop,0,2,,,0,,,,,,,,,,
whis_041,1949whis1002,,Whiston,,1949,whis1002,Cronton,J. E. Williams,Lab,Unop,0,1,,,0,,,,,,,,,,
whis_042,1949whis1003,,Whiston,,1949,whis1003,Eccleston,J. Harrison,Con,572,0,1,1,,979,,58.42697,,,,,,,,
whis_043,1949whis1003,,Whiston,,1949,whis1003,Eccleston,H. Taylor,Ind,407,0,1,2,,979,,41.57303,,,,,,,,
whis_044,1949whis1004,,Whiston,,1949,whis1004,Hale,J. H. Mills,Con,Unop,0,1,,,0,,,,,,,,,,
whis_045,1949whis1005,,Whiston,,1949,whis1005,Halewood,T. R. Carter,Ind,Unop,0,2,,,0,,,,,,,,,,
whis_046,1949whis1005,,Whiston,,1949,whis1005,Halewood,F. J. Lunt,Con,Unop,0,2,,,0,,,,,,,,,,
whis_047,1949whis1006,,Whiston,,1949,whis1006,Kirkby,T. S. Powell,Ind,Unop,0,1,,,0,,,,,,,,,,
whis_048,1949whis1007,,Whiston,,1949,whis1007,Knowsley,T. Rose,Con,836,0,2,1,,1977,,84.57259,,,,,,,,
whis_049,1949whis1007,,Whiston,,1949,whis1007,Knowsley,S. Brich,Lab,594,0,2,2,,1977,,60.09105,,,,,,,,
whis_050,1949whis1007,,Whiston,,1949,whis1007,Knowsley,E. F. Cashman,Lab,547,0,2,3,,1977,,55.33637,,,,,,,,
whis_051,1949whis1008,,Whiston,,1949,whis1008,Rainhill,H. Welsby,Con,889,0,2,1,,3899,,45.60144,,,,,,,,
whis_052,1949whis1008,,Whiston,,1949,whis1008,Rainhill,P. Johnson,Lab,878,0,2,2,,3899,,45.03719,,,,,,,,
whis_053,1949whis1008,,Whiston,,1949,whis1008,Rainhill,J. Moore,Lab,835,0,2,3,,3899,,42.83149,,,,,,,,
whis_054,1949whis1008,,Whiston,,1949,whis1008,Rainhill,K. Miller,Con,671,0,2,4,,3899,,34.41908,,,,,,,,
whis_055,1949whis1008,,Whiston,,1949,whis1008,Rainhill,J. H. Welsby,Ind,626,0,2,5,,3899,,32.1108,,,,,,,,
whis_056,1949whis1009,,Whiston,,1949,whis1009,Tarbock,W. Brocklehurst,Con,249,0,1,1,,296,,84.12162,,,,,,,,
whis_057,1949whis1009,,Whiston,,1949,whis1009,Tarbock,G. Lockhart,Lab,47,0,1,2,,296,,15.87838,,,,,,,,
whis_058,1949whis1010,,Whiston,,1949,whis1010,Whiston,J. Williams,Lab,Unop,0,2,,,0,,,,,,,,,,
whis_059,1949whis1010,,Whiston,,1949,whis1010,Whiston,T. Henry,Lab,Unop,0,2,,,0,,,,,,,,,,
whis_060,1949whis1011,,Whiston,,1949,whis1011,Windle,Robt. Fitzpatrick,Con,Unop,0,1,,,0,,,,,,,,,,
whis_061,1952whis2001,,Whiston,,1952,whis2001,Bold North,W. Hall,Lab,298,0,1,1,,429,,69.46387,,,,,,,,
whis_062,1952whis2001,,Whiston,,1952,whis2001,Bold North,W. Hancock,Ind,131,0,1,2,,429,,30.53613,,,,,,,,
whis_063,1952whis2002,,Whiston,,1952,whis2002,Bold South,J. Quinn,Lab,263,0,1,1,,505,,52.07921,,,,,,,,
whis_064,1952whis2002,,Whiston,,1952,whis2002,Bold South,H. R. Whitfield,Con,242,0,1,2,,505,,47.92079,,,,,,,,
whis_065,1952whis2003,,Whiston,,1952,whis2003,Cronton,G. Coupe,Con,237,0,1,1,,346,,68.49711,,,,,,,,
whis_066,1952whis2003,,Whiston,,1952,whis2003,Cronton,J. Williams,Lab,109,0,1,2,,346,,31.50289,,,,,,,,
whis_067,1952whis2004,,Whiston,,1952,whis2004,Eccleston East,J. T Harley,Con,Unop,0,1,,,0,,,,,,,,,,
whis_068,1952whis2005,,Whiston,,1952,whis2005,Eccleston South,S. C. Banks,Con,Unop,0,1,,,0,,,,,,,,,,
whis_069,1952whis2006,,Whiston,,1952,whis2006,Eccleston West,J. Rainford,Con,Unop,0,1,,,0,,,,,,,,,,
whis_070,1952whis2007,,Whiston,,1952,whis2007,Hale,J. E. Mills,Ind-Con,Unop,0,1,,,0,,,,,,,,,,
whis_071,1952whis2008,,Whiston,,1952,whis2008,Halewood North,F. J. Lunt,Ind-Con,Unop,0,1,,,0,,,,,,,,,,
whis_072,1952whis2009,,Whiston,,1952,whis2009,Halewood South,T. R. Carter,Ind,Unop,0,1,,,0,,,,,,,,,,
whis_073,1952whis2010,,Whiston,,1952,whis2010,Kirkby East,R. J. Diggles,Con,Unop,0,1,,,0,,,,,,,,,,
whis_074,1952whis2011,,Whiston,,1952,whis2011,Kirkby West,C. S. Powell,Con,Unop,0,1,,,0,,,,,,,,,,
whis_075,1952whis2012,,Whiston,,1952,whis2012,Knowsley Central,T. Rose,Con,Unop,0,1,,,0,,,,,,,,,,
whis_076,1952whis2013,,Whiston,,1952,whis2013,Knowsley North,Miss L. Tope,Lab,319,1,1,1,,573,,55.6719,,,,,,,,
whis_077,1952whis2013,,Whiston,,1952,whis2013,Knowsley North,H. Stacey,R.A.,254,0,1,2,,573,,44.3281,,,,,,,,
whis_078,1952whis2014,,Whiston,,1952,whis2014,Knowsley South,S. C. Reakes,Con,Unop,0,1,,,0,,,,,,,,,,
whis_079,1952whis2015,,Whiston,,1952,whis2015,Rainhill North,Mrs K. Miller,Con,337,1,1,1,,598,,56.35452,,,,,,,,
whis_080,1952whis2015,,Whiston,,1952,whis2015,Rainhill North,P. Johnson,Lab,261,0,1,2,,598,,43.64548,,,,,,,,
whis_081,1952whis2016,,Whiston,,1952,whis2016,Rainhill South,J. H. Welsby,Con,451,0,1,1,,626,,72.04473,,,,,,,,
whis_082,1952whis2016,,Whiston,,1952,whis2016,Rainhill South,J. A. Sweeney,???,175,0,1,2,,626,,27.95527,,,,,,,,
whis_083,1952whis2017,,Whiston,,1952,whis2017,Rainhill West,R. Berry,Lab,677,0,1,1,,832,,81.37019,,,,,,,,
whis_084,1952whis2017,,Whiston,,1952,whis2017,Rainhill West,D. S. Gass,Con,155,0,1,2,,832,,18.62981,,,,,,,,
whis_085,1952whis2018,,Whiston,,1952,whis2018,Tarbock,T. H. Critchley,Ind,Unop,0,1,,,0,,,,,,,,,,
whis_086,1952whis2019,,Whiston,,1952,whis2019,Whiston Central,T. Henry,Lab,583,0,1,1,,781,,74.64789,,,,,,,,
whis_087,1952whis2019,,Whiston,,1952,whis2019,Whiston Central,J. Hayes,???,198,0,1,2,,781,,25.35211,,,,,,,,
whis_088,1952whis2020,,Whiston,,1952,whis2020,Whiston North,S. Brich,Lab,438,0,1,1,,687,,63.75546,,,,,,,,
whis_089,1952whis2020,,Whiston,,1952,whis2020,Whiston North,W. J. McEllin,Con,249,0,1,2,,687,,36.24454,,,,,,,,
whis_090,1952whis2021,,Whiston,,1952,whis2021,Whiston South,T. Teasdale,Lab,269,0,1,1,,430,,62.55814,,,,,,,,
whis_091,1952whis2021,,Whiston,,1952,whis2021,Whiston South,V. D. R. Goodhew,Con,161,0,1,2,,430,,37.44186,,,,,,,,
whis_092,1952whis2022,,Whiston,,1952,whis2022,Windle North,R. Fitzpatrick,Con,Unop,0,1,,,0,,,,,,,,,,
whis_093,1952whis2023,,Whiston,,1952,whis2023,Windle South,H. Leadhill,Con,Unop,0,1,,,0,,,,,,,,,,
whis_094,1953whis2001,,Whiston,,1953,whis2001,Bold North,W. H. Lewis,Lab,Unop,0,1,,,0,,,,,,,,,,
whis_095,1953whis2006,,Whiston,,1953,whis2006,Eccleston West,J. Rainford,Con,Unop,0,1,,,0,,,,,,,,,,
whis_096,1953whis2008,,Whiston,,1953,whis2008,Halewood North,F. J. Lunt,Ind,Unop,0,1,,,0,,,,,,,,,,
whis_097,1953whis2011,,Whiston,,1953,whis2011,Kirkby West,C. S. Powell,Con,Unop,0,1,,,0,,,,,,,,,,
whis_098,1953whis2013,,Whiston,,1953,whis2013,Knowsley North,Miss L. Tope,Lab,Unop,1,1,,,0,,,,,,,,,,
whis_099,1953whis2017,,Whiston,,1953,whis2017,Rainhill West,R. Berry,Lab,Unop,0,1,,,0,,,,,,,,,,
whis_100,1953whis2020,,Whiston,,1953,whis2020,Whiston North,S. Brich,Lab,Unop,0,1,,,0,,,,,,,,,,
whis_101,1953whis2022,,Whiston,,1953,whis2022,Windle North,T. Wilcock,Lab,503,0,1,1,,929,,54.14424,,,,,,,,
whis_102,1953whis2022,,Whiston,,1953,whis2022,Windle North,R. Fitzpatrick,Con,426,0,1,2,,929,,45.85576,,,,,,,,
whis_103,1954whis2002,,Whiston,,1954,whis2002,Bold South,John Quinn,Lab,Unop,0,1,,,0,,,,,,,,,,
whis_104,1954whis2004,,Whiston,,1954,whis2004,Eccleston East,J. T. Hartley,Con,Unop,0,1,,,0,,,,,,,,,,
whis_105,1954whis2009,,Whiston,,1954,whis2009,Halewood South,K. D. Wadsworth,Ind,399,0,1,1,,601,,66.38935,,,,,,,,
whis_106,1954whis2009,,Whiston,,1954,whis2009,Halewood South,Mrs B. Shepherd,Con,202,1,1,2,,601,,33.61065,,,,,,,,
whis_107,1954whis2010,,Whiston,,1954,whis2010,Kirkby East,James Wylie,Lab,610,0,1,1,,996,,61.24498,,,,,,,,
whis_108,1954whis2010,,Whiston,,1954,whis2010,Kirkby East,Mrs E. G. Milburn,Con,386,1,1,2,,996,,38.75502,,,,,,,,
whis_109,1954whis2014,,Whiston,,1954,whis2014,Knowsley South,William Myers,Lab,723,0,1,1,,1217,,59.40838,,,,,,,,
whis_110,1954whis2014,,Whiston,,1954,whis2014,Knowsley South,Samuel Edwards,Con,494,0,1,2,,1217,,40.59162,,,,,,,,
whis_111,1954whis2015,,Whiston,,1954,whis2015,Rainhill North,Mrs Kathlyn Miller,Con,395,1,1,1,,782,,50.51151,,,,,,,,
whis_112,1954whis2015,,Whiston,,1954,whis2015,Rainhill North,Percy Johnson,Lab,387,0,1,2,,782,,49.48849,,,,,,,,
whis_113,1954whis2019,,Whiston,,1954,whis2019,Whiston Central,T. Henry,Lab,Unop,1,1,,,0,,,,,,,,,,
whis_114,1955whis2018,,Whiston,,1955,whis2018,Tarbock,T. H. Critchley,Ind,Unop,0,1,,,0,,,,,,,,,,
whis_115,1955whis2021,,Whiston,,1955,whis2021,Whiston South,Jospeh Williams,Lab,373,0,1,1,,526,,70.91254,,,,,,,,
whis_116,1955whis2021,,Whiston,,1955,whis2021,Whiston South,William J. Trickett,Con,153,0,1,2,,526,,29.08745,,,,,,,,
whis_117,1955whis2024,,Whiston,,1955,whis2024,Kirkby South,Ian Kennedy Robertson,Lab,509,0,1,1,,794,,64.1058,,,,,,,,
whis_118,1955whis2024,,Whiston,,1955,whis2024,Kirkby South,Alan McGregor,Con,285,0,1,2,,794,,35.89421,,,,,,,,
whis_119,1956whis2001,,Whiston,,1956,whis2001,Bold North,W. H. Lewis,Lab,Unop,0,1,,,0,,,,,,,,,,
whis_120,1956whis2006,,Whiston,,1956,whis2006,Eccleston West,J. Rainford,Con,Unop,0,1,,,0,,,,,,,,,,
whis_121,1956whis2008,,Whiston,,1956,whis2008,Halewood North,F. J. Lunt,Ind,Unop,0,1,,,0,,,,,,,,,,
whis_122,1956whis2011,,Whiston,,1956,whis2011,Kirkby West,C. S. Powell,Con,432,0,1,1,,498,,86.74699,,,,,,,,
whis_123,1956whis2011,,Whiston,,1956,whis2011,Kirkby West,J. O'Neill,,66,0,1,2,,498,,13.25301,,,,,,,,
whis_124,1956whis2013,,Whiston,,1956,whis2013,Knowsley North,R. Patrick,Lab,Unop,0,1,,,0,,,,,,,,,,
whis_125,1956whis2017,,Whiston,,1956,whis2017,Rainhill West,R. Berry,Lab,Unop,0,1,,,0,,,,,,,,,,
whis_126,1956whis2020,,Whiston,,1956,whis2020,Whiston North,S. Brich,Lab,Unop,0,1,,,0,,,,,,,,,,
whis_127,1957whis2009,,Whiston,,1957,whis2009,Halewood South,H. G. Pealing,,Unop,0,1,,,0,,,,,,,,,,
whis_128,1957whis2010,,Whiston,,1957,whis2010,Kirkby East,J. Wylie,Lab,Unop,0,1,,,0,,,,,,,,,,
whis_129,1957whis2014,,Whiston,,1957,whis2014,Knowsley South,A. Smith,Lab,562,0,1,1,,790,,71.13924,,,,,,,,
whis_130,1957whis2014,,Whiston,,1957,whis2014,Knowsley South,R. G. Whiteway,Ind,228,0,1,2,,790,,28.86076,,,,,,,,
whis_131,1957whis2015,,Whiston,,1957,whis2015,Rainhill North,J. Wainwright,Ind,367,0,1,1,,669,,54.858,,,,,,,,
whis_132,1957whis2015,,Whiston,,1957,whis2015,Rainhill North,W. Myers,Lab,302,0,1,2,,669,,45.142,,,,,,,,
whis_133,1957whis2019,,Whiston,,1957,whis2019,Whiston Central,W. M. Clarke,,Unop,,1,,,0,,,,,,,,,,
whis_134,1958whis3003,,Whiston,,1958,whis3003,Cronton,H. Coupe,,147,0,1,1,,228,,64.47369,Liverpool Daily Post 1958-05-06 p.7,,,,,,,
whis_135,1958whis3003,,Whiston,,1958,whis3003,Cronton,L. G. Nolan,Lab,81,0,1,2,,228,,35.52632,Liverpool Daily Post 1958-05-06 p.7,,,,,,,
whis_136,1958whis3004,,Whiston,,1958,whis3004,Eccleston East,H. E. Moody,,Unop,0,1,,,0,,,Liverpool Daily Post 1958-05-06 p.7,,,,,,,
whis_137,1958whis3005,,Whiston,,1958,whis3005,Eccleston South,S. C. Reakes,,Unop,0,1,,,0,,,Liverpool Daily Post 1958-05-06 p.7,,,,,,,
whis_138,1958whis3006,,Whiston,,1958,whis3006,Eccleston West,J. Rainford,,Unop,0,1,,,0,,,Liverpool Daily Post 1958-05-06 p.7,,,,,,,
whis_139,1958whis3007,,Whiston,,1958,whis3007,Hale,J. H. Mills,,Unop,0,1,,,0,,,Liverpool Daily Post 1958-05-06 p.7,,,,,,,
whis_140,1958whis3018,,Whiston,,1958,whis3018,Tarbock,T. H. Critchley,Ind,Unop,0,1,,,0,,,Liverpool Daily Post 1958-05-06 p.7,,,,,,,
whis_141,1958whis3022,,Whiston,,1958,whis3022,Windle,H. Ledhill,,Unop,0,1,,,0,,,Liverpool Daily Post 1958-05-06 p.7,,,,,,,
whis_142,1959whis3001,,Whiston,,1959,whis3001,Bold North,W. H. Lewis,Lab,Unop,0,1,,,0,,,Liverpool Daily Post 1959-05-05 p.7,,,,,,,
whis_143,1959whis3002,,Whiston,,1959,whis3002,Bold South,J. Quinn,Lab,Unop,0,1,,,0,,,Liverpool Daily Post 1959-05-05 p.7,,,,,,,
whis_144,1959whis3008,,Whiston,,1959,whis3008,Halewood North,F. J. Lunt,Ind,Unop,0,1,,,0,,,Liverpool Daily Post 1959-05-05 p.7,,,,,,,
whis_145,1959whis3009,,Whiston,,1959,whis3009,Halewood South,H. J. Pealing,,Unop,0,1,,,0,,,Liverpool Daily Post 1959-05-05 p.7,,,,,,,
whis_146,1959whis3012,,Whiston,,1959,whis3012,Knowsley Central,T. Rose,Con,301,0,1,1,,318,,94.65409,Liverpool Daily Post 1959-05-05 p.7,,,,,,,
whis_147,1959whis3012,,Whiston,,1959,whis3012,Knowsley Central,F. J. Bowman,,17,0,1,2,,318,,5.345912,Liverpool Daily Post 1959-05-05 p.7,,,,,,,
whis_148,1959whis3013,,Whiston,,1959,whis3013,Knowsley North,A. Smith,Lab,Unop,0,1,,,0,,,Liverpool Daily Post 1959-05-05 p.7,,,,,,,
whis_149,1959whis3014,,Whiston,,1959,whis3014,Knowsley South,B. Glennon,,Unop,0,1,,,0,,,Liverpool Daily Post 1959-05-05 p.7,,,,,,,
whis_150,1960whis3015,,Whiston,,1960,whis3015,Rainhill North,J. Wainwright,Con,478,0,1,1,,697,,68.57963,Liverpool Daily Post 1960-05-10 p.7,,,,,,,
whis_151,1960whis3015,,Whiston,,1960,whis3015,Rainhill North,K. Lea,Lab,219,0,1,2,,697,,31.42037,Liverpool Daily Post 1960-05-10 p.7,,,,,,,
whis_152,1960whis3016,,Whiston,,1960,whis3016,Rainhill South,J. H. Welsby,Con,Unop,0,1,,,0,,,Liverpool Daily Post 1960-05-10 p.7,,,,,,,
whis_153,1960whis3017,,Whiston,,1960,whis3017,Rainhill West,R. Berry,Lab,Unop,0,1,,,0,,,Liverpool Daily Post 1960-05-10 p.7,,,,,,,
whis_154,1960whis3019,,Whiston,,1960,whis3019,Whiston Central,W. M. Clarke,Lab,203,0,1,1,,341,,59.53079,Liverpool Daily Post 1960-05-10 p.7,,,,,,,
whis_155,1960whis3019,,Whiston,,1960,whis3019,Whiston Central,J. Beesley,Con,138,0,1,2,,341,,40.46921,Liverpool Daily Post 1960-05-10 p.7,,,,,,,
whis_156,1960whis3020,,Whiston,,1960,whis3020,Whiston North,B. Jeffery,Con,174,0,1,1,,318,,54.71698,Liverpool Daily Post 1960-05-10 p.7,,,,,,,
whis_157,1960whis3020,,Whiston,,1960,whis3020,Whiston North,W. Myers,Lab,144,0,1,2,,318,,45.28302,Liverpool Daily Post 1960-05-10 p.7,,,,,,,
whis_158,1960whis3021,,Whiston,,1960,whis3021,Whiston South,J. Williams,Lab,266,0,1,1,,400,,66.5,Liverpool Daily Post 1960-05-10 p.7,,,,,,,
whis_159,1960whis3021,,Whiston,,1960,whis3021,Whiston South,J. E. Crossman,Con,134,0,1,2,,400,,33.5,Liverpool Daily Post 1960-05-10 p.7,,,,,,,
whis_160,1961whis3018,,Whiston,,1961,whis3018,Tarbock,T. H. Critchley,Ind,Unop,0,1,,,0,,,,,,,,,,
whis_161,1962whis3001,,Whiston,,1962,whis3001,Bold North,W. H. Lewis,Lab,Unop,0,1,,,0,,,Liverpool Daily Post 1962-05-08 p.7.,LDP says Whiston RDC is non-political,,,,,,
whis_162,1962whis3002,,Whiston,,1962,whis3002,Bold South,J. Quinn,Lab,Unop,0,1,,,0,,,Liverpool Daily Post 1962-05-08 p.7.,,,,,,,
whis_163,1962whis3008,,Whiston,,1962,whis3008,Halewood North,W. Pickavance,Ind,Unop,0,1,,,0,,,Liverpool Daily Post 1962-05-08 p.7.,,,,,,,
whis_164,1962whis3009,,Whiston,,1962,whis3009,Halewood South,J. L. Q. Corlett,,Unop,0,1,,,0,,,Liverpool Daily Post 1962-05-08 p.7.,,,,,,,
whis_165,1962whis3012,,Whiston,,1962,whis3012,Knowsley Central,T. Rose,Con,371,0,1,1,,535,,69.34579,Liverpool Daily Post 1962-05-08 p.7.,,,,,,,
whis_166,1962whis3012,,Whiston,,1962,whis3012,Knowsley Central,F. Hughes,Lab,164,0,1,2,,535,,30.65421,Liverpool Daily Post 1962-05-08 p.7.,,,,,,,
whis_167,1962whis3013,,Whiston,,1962,whis3013,Knowsley North,B. Glennon,Lab,Unop,0,1,,,0,,,Liverpool Daily Post 1962-05-08 p.7.,,,,,,,
whis_168,1962whis3014,,Whiston,,1962,whis3014,Knowsley South,A. Smith,Lab,Unop,0,1,,,0,,,Liverpool Daily Post 1962-05-08 p.7.,,,,,,,
whis_169,1963whis3015,,Whiston,,1963,whis3015,Rainhill North,E. W. Hughes,Lab,512,0,1,1,,885,,57.85311,Liverpool Daily Post 1963-05-07 p.7,"Con 11, Lab 9",,,,,,
whis_170,1963whis3015,,Whiston,,1963,whis3015,Rainhill North,J. Wainwright,Con,373,0,1,2,,885,,42.14689,Liverpool Daily Post 1963-05-07 p.7,"Con 11, Lab 9",,,,,,
whis_171,1963whis3016,,Whiston,,1963,whis3016,Rainhill South,J. Welsby,Con,Unop,0,1,,,0,,,Liverpool Daily Post 1963-05-07 p.7,"Con 11, Lab 9",,,,,,
whis_172,1963whis3017,,Whiston,,1963,whis3017,Rainhill West,R. Berry,Lab,Unop,0,1,,,0,,,Liverpool Daily Post 1963-05-07 p.7,"Con 11, Lab 9",,,,,,
whis_173,1963whis3019,,Whiston,,1963,whis3019,Whiston Central,W. M. Clarke,Lab,413,0,1,1,,573,,72.07679,Liverpool Daily Post 1963-05-07 p.7,"Con 11, Lab 9",,,,,,
whis_174,1963whis3019,,Whiston,,1963,whis3019,Whiston Central,A. Valentine,Con,160,0,1,2,,573,,27.92321,Liverpool Daily Post 1963-05-07 p.7,"Con 11, Lab 9",,,,,,
whis_175,1963whis3020,,Whiston,,1963,whis3020,Whiston North,W. Myers,Lab,280,0,1,1,,537,,52.14153,Liverpool Daily Post 1963-05-07 p.7,"Con 11, Lab 9",,,,,,
whis_176,1963whis3020,,Whiston,,1963,whis3020,Whiston North,B. Jeffrey,Con,257,0,1,2,,537,,47.85847,Liverpool Daily Post 1963-05-07 p.7,"Con 11, Lab 9",,,,,,
whis_177,1963whis3021,,Whiston,,1963,whis3021,Whiston South,J. Williams,Lab,611,0,1,1,,798,,76.56641,Liverpool Daily Post 1963-05-07 p.7,"Con 11, Lab 9",,,,,,
whis_178,1963whis3021,,Whiston,,1963,whis3021,Whiston South,J. E. Crossman,Con,187,0,1,2,,798,,23.43358,Liverpool Daily Post 1963-05-07 p.7,"Con 11, Lab 9",,,,,,
whis_179,1964whis3003,,Whiston,,1964,whis3003,Cronton,H. Coupe,Ind,220,0,1,1,,348,,63.21839,,,,,,,,
whis_180,1964whis3003,,Whiston,,1964,whis3003,Cronton,V. Handman,Lab,128,0,1,2,,348,,36.78161,,,,,,,,
whis_181,1964whis3018,,Whiston,,1964,whis3018,Tarbock,T. H. Critchley,Ind,Unop,0,1,,,0,,,,,,,,,,
whis_182,1965whis3001,,Whiston,,1965,whis3001,Bold North,W. H. Lewis,Lab,Unop,0,1,,,0,,,"Liverpool Daily Post 1965-05-11, p.9.","Lab: 12, Con+Ind: 10 - first time Labour have control.",,,,,,
whis_183,1965whis3002,,Whiston,,1965,whis3002,Bold South,J. Quinn,Lab,Unop,0,1,,,0,,,"Liverpool Daily Post 1965-05-11, p.9.","Lab: 12, Con+Ind: 10 - first time Labour have control.",,,,,,
whis_184,1965whis3008,,Whiston,,1965,whis3008,Halewood North,W. Pickavance,Ind,344,0,1,1,,561,,61.31907,"Liverpool Daily Post 1965-05-11, p.9.","Lab: 12, Con+Ind: 10 - first time Labour have control.",,,,,,
whis_185,1965whis3008,,Whiston,,1965,whis3008,Halewood North,D. Myers,Lib,148,0,1,2,,561,,26.38146,"Liverpool Daily Post 1965-05-11, p.9.","Lab: 12, Con+Ind: 10 - first time Labour have control.",,,,,,
whis_186,1965whis3008,,Whiston,,1965,whis3008,Halewood North,L. Moore,Lab,69,0,1,3,,561,,12.29947,"Liverpool Daily Post 1965-05-11, p.9.","Lab: 12, Con+Ind: 10 - first time Labour have control.",,,,,,
whis_187,1965whis3009,,Whiston,,1965,whis3009,Halewood South,Mrs J. Salmon,Lab,442,1,2,1,,1068,,82.77154,"Liverpool Daily Post 1965-05-11, p.9.","Lab: 12, Con+Ind: 10 - first time Labour have control.",,,,,,
whis_188,1965whis3009,,Whiston,,1965,whis3009,Halewood South,J. Bohanna,Lab,394,0,2,2,,1068,,73.78277,"Liverpool Daily Post 1965-05-11, p.9.","Lab: 12, Con+Ind: 10 - first time Labour have control.",,,,,,
whis_189,1965whis3009,,Whiston,,1965,whis3009,Halewood South,H. Davies,R.A.,232,0,2,3,,1068,,43.44569,"Liverpool Daily Post 1965-05-11, p.9.","Lab: 12, Con+Ind: 10 - first time Labour have control.",,,,,,
whis_190,1965whis3013,,Whiston,,1965,whis3013,Knowsley North,T. Rose,Con,366,0,1,1,,838,,43.67542,"Liverpool Daily Post 1965-05-11, p.9.","Lab: 12, Con+Ind: 10 - first time Labour have control.",,,,,,
whis_191,1965whis3013,,Whiston,,1965,whis3013,Knowsley North,J. Hanmer,Ind,263,0,1,2,,838,,31.38425,"Liverpool Daily Post 1965-05-11, p.9.","Lab: 12, Con+Ind: 10 - first time Labour have control.",,,,,,
whis_192,1965whis3013,,Whiston,,1965,whis3013,Knowsley North,H. Bailey,Lab,209,0,1,3,,838,,24.94033,"Liverpool Daily Post 1965-05-11, p.9.","Lab: 12, Con+Ind: 10 - first time Labour have control.",,,,,,
whis_193,1965whis3023,,Whiston,,1965,whis3023,Halewood West,J. Carmichael,Lab,Unop,0,1,,,0,,,"Liverpool Daily Post 1965-05-11, p.9.","Lab: 12, Con+Ind: 10 - first time Labour have control.",,,,,,
whis_194,1965whis3024,,Whiston,,1965,whis3024,Knowsley East,F. Davidson,Lab,Unop,0,1,,,0,,,"Liverpool Daily Post 1965-05-11, p.9.","Lab: 12, Con+Ind: 10 - first time Labour have control.",,,,,,
whis_195,1966whis4018,,Whiston,,1966,whis4018,Rainhill North,E. W. Hughes,Lab,363,0,2,1,,1323,,54.87528,Liverpool Daily Post 1966-05-10 p5.,Whiston East and Rainhill North new seats,,,,,,
whis_196,1966whis4018,,Whiston,,1966,whis4018,Rainhill North,A. E. Lowe,Con,360,0,2,2,,1323,,54.42177,Liverpool Daily Post 1966-05-10 p5.,Whiston East and Rainhill North new seats,,,,,,
whis_197,1966whis4018,,Whiston,,1966,whis4018,Rainhill North,L. Carson,Lab,339,0,2,3,,1323,,51.24717,Liverpool Daily Post 1966-05-10 p5.,Whiston East and Rainhill North new seats,,,,,,
whis_198,1966whis4018,,Whiston,,1966,whis4018,Rainhill North,Mrs N. Holley,Con,261,0,2,4,,1323,,39.45578,Liverpool Daily Post 1966-05-10 p5.,Whiston East and Rainhill North new seats,,,,,,
whis_199,1966whis4018,,Whiston,,1966,whis4018,Rainhill North,D. M. Myers,Lib,,0,2,,,1323,,,Liverpool Daily Post 1966-05-10 p5.,Whiston East and Rainhill North new seats,,,,,,
whis_200,1966whis4019,,Whiston,,1966,whis4019,Rainhill South,J. H. Welsby,Con,531,0,1,1,,693,,76.62337,Liverpool Daily Post 1966-05-10 p5.,Whiston East and Rainhill North new seats,,,,,,
whis_201,1966whis4019,,Whiston,,1966,whis4019,Rainhill South,D. Healing,Lab,162,0,1,2,,693,,23.37662,Liverpool Daily Post 1966-05-10 p5.,Whiston East and Rainhill North new seats,,,,,,
whis_202,1966whis4020,,Whiston,,1966,whis4020,Rainhill West,R. Berry,Lab,Unop,0,1,,,0,,,Liverpool Daily Post 1966-05-10 p5.,Whiston East and Rainhill North new seats,,,,,,
whis_203,1966whis4022,,Whiston,,1966,whis4022,Whiston North,E. W. Norris,Lab,268,0,1,1,,486,,55.14403,Liverpool Daily Post 1966-05-10 p5.,Whiston East and Rainhill North new seats,,,,,,
whis_204,1966whis4022,,Whiston,,1966,whis4022,Whiston North,G. K. Bixter,Con,218,0,1,2,,486,,44.85597,Liverpool Daily Post 1966-05-10 p5.,Whiston East and Rainhill North new seats,,,,,,
whis_205,1966whis4023,,Whiston,,1966,whis4023,Whiston East,W. Myers,Lab,193,0,1,1,,236,,81.77966,Liverpool Daily Post 1966-05-10 p5.,Whiston East and Rainhill North new seats,,,,,,
whis_206,1966whis4023,,Whiston,,1966,whis4023,Whiston East,W. Ditchfield,Con,43,0,1,2,,236,,18.22034,Liverpool Daily Post 1966-05-10 p5.,Whiston East and Rainhill North new seats,,,,,,
whis_207,1966whis4024,,Whiston,,1966,whis4024,Whiston South,Mrs A. R. Lamont,Lab,202,1,1,1,,311,,64.95177,Liverpool Daily Post 1966-05-10 p5.,Whiston East and Rainhill North new seats,,,,,,
whis_208,1966whis4024,,Whiston,,1966,whis4024,Whiston South,A. Valentine,Con,109,0,1,2,,311,,35.04823,Liverpool Daily Post 1966-05-10 p5.,Whiston East and Rainhill North new seats,,,,,,
whis_209,1966whis4025,,Whiston,,1966,whis4025,Whiston West,W. M. Clarke,Lab,269,0,1,1,,385,,69.87013,Liverpool Daily Post 1966-05-10 p5.,Whiston East and Rainhill North new seats,,,,,,
whis_210,1966whis4025,,Whiston,,1966,whis4025,Whiston West,B. Jeffrey,Con,116,0,1,2,,385,,30.12987,Liverpool Daily Post 1966-05-10 p5.,Whiston East and Rainhill North new seats,,,,,,
whis_211,1967whis4003,,Whiston,,1967,whis4003,Cronton,Mrs. S. Coupe,Ind,186,1,1,1,,329,,56.53495,,,,,,,,
whis_212,1967whis4003,,Whiston,,1967,whis4003,Cronton,D. Myers,Lib,72,0,1,2,,329,,21.8845,,,,,,,,
whis_213,1967whis4003,,Whiston,,1967,whis4003,Cronton,C. McGhee,Lab,71,0,1,3,,329,,21.58055,,,,,,,,
whis_214,1967whis4021,,Whiston,,1967,whis4021,Tarbock,T. H. Critchley,Ind,Unop,0,1,,,0,,,,,,,,,,
whis_215,1968whis4008,,Whiston,,1968,whis4008,Halewood North,W. Picavance,Con,243,0,1,1,,278,,87.41007,,"Lab 15, Con 13. Three news seats in Halewood - Two in East and one in West.",,,,,,
whis_216,1968whis4008,,Whiston,,1968,whis4008,Halewood North,Mrs A. A. Burke,Lab,35,1,1,2,,278,,12.58993,,"Lab 15, Con 13. Three news seats in Halewood - Two in East and one in West.",,,,,,
whis_217,1968whis4009,,Whiston,,1968,whis4009,Halewood East,J. Bohanna,Lab,478,0,2,1,,1223,,78.16844,,"Lab 15, Con 13. Three news seats in Halewood - Two in East and one in West.",,,,,,
whis_218,1968whis4009,,Whiston,,1968,whis4009,Halewood East,T. J. Lyons,Lab,450,0,2,2,,1223,,73.58953,,"Lab 15, Con 13. Three news seats in Halewood - Two in East and one in West.",,,,,,
whis_219,1968whis4009,,Whiston,,1968,whis4009,Halewood East,L. Wilson,R.A.,295,0,2,3,,1223,,48.24203,,"Lab 15, Con 13. Three news seats in Halewood - Two in East and one in West.",,,,,,
whis_220,1968whis4010,,Whiston,,1968,whis4010,Halewood South,F. J. Baldwin,Lab,Unop,0,2,,,0,,,,"Lab 15, Con 13. Three news seats in Halewood - Two in East and one in West.",,,,,,
whis_221,1968whis4010,,Whiston,,1968,whis4010,Halewood South,J. D. Shaw,Lab,Unop,0,2,,,0,,,,"Lab 15, Con 13. Three news seats in Halewood - Two in East and one in West.",,,,,,
whis_222,1968whis4011,,Whiston,,1968,whis4011,Halewood West,C. McGhee,Lab,Unop,0,2,,,0,,,,"Lab 15, Con 13. Three news seats in Halewood - Two in East and one in West.",,,,,,
whis_223,1968whis4011,,Whiston,,1968,whis4011,Halewood West,J. S. Carmichael,Lab,Unop,0,2,,,0,,,,"Lab 15, Con 13. Three news seats in Halewood - Two in East and one in West.",,,,,,
whis_224,1968whis4014,,Whiston,,1968,whis4014,Knowsley North,T. Rose,Con,618,0,1,1,,1311,,47.13959,,"Lab 15, Con 13. Three news seats in Halewood - Two in East and one in West.",,,,,,
whis_225,1968whis4014,,Whiston,,1968,whis4014,Knowsley North,J. E. Hanmer,Lib,367,0,1,2,,1311,,27.9939,,"Lab 15, Con 13. Three news seats in Halewood - Two in East and one in West.",,,,,,
whis_226,1968whis4014,,Whiston,,1968,whis4014,Knowsley North,H. J. A. Bailey,Lab,326,0,1,3,,1311,,24.86651,,"Lab 15, Con 13. Three news seats in Halewood - Two in East and one in West.",,,,,,
whis_227,1968whis4015,,Whiston,,1968,whis4015,Knowsley East,J. H. Brash,Con,121,0,1,1,,182,,66.48351,,"Lab 15, Con 13. Three news seats in Halewood - Two in East and one in West.",,,,,,
whis_228,1968whis4015,,Whiston,,1968,whis4015,Knowsley East,F. Davidson,Lab,61,0,1,2,,182,,33.51648,,"Lab 15, Con 13. Three news seats in Halewood - Two in East and one in West.",,,,,,
whis_229,1968whis4017,,Whiston,,1968,whis4017,Knowsley West,B. Glennon,Lab,297,0,1,1,,383,,77.54569,,"Lab 15, Con 13. Three news seats in Halewood - Two in East and one in West.",,,,,,
whis_230,1968whis4017,,Whiston,,1968,whis4017,Knowsley West,J. D. Randall,Con,86,0,1,2,,383,,22.45431,,"Lab 15, Con 13. Three news seats in Halewood - Two in East and one in West.",,,,,,
whis_231,1969whis4018,,Whiston,,1969,whis4018,Rainhill North,Mrs N. Holley,Con,645,1,2,1,,1909,,67.57465,Liverpool Daily Post 1969-05-06 p.9.,"Con Control: Con 15, Labour 13",,,,,,
whis_232,1969whis4018,,Whiston,,1969,whis4018,Rainhill North,A. Lowe,Con,555,0,2,2,,1909,,58.14563,Liverpool Daily Post 1969-05-06 p.9.,"Con Control: Con 15, Labour 14",,,,,,
whis_233,1969whis4018,,Whiston,,1969,whis4018,Rainhill North,E. Hughes,Lab,376,0,2,3,,1909,,39.39235,Liverpool Daily Post 1969-05-06 p.9.,"Con Control: Con 15, Labour 15",,,,,,
whis_234,1969whis4018,,Whiston,,1969,whis4018,Rainhill North,D. Healing,Lab,333,0,2,4,,1909,,34.88737,Liverpool Daily Post 1969-05-06 p.9.,"Con Control: Con 15, Labour 16",,,,,,
whis_235,1969whis4019,,Whiston,,1969,whis4019,Rainhill South,J. Welsby,Con,Unop,0,1,,,0,,,Liverpool Daily Post 1969-05-06 p.9.,"Con Control: Con 15, Labour 17",,,,,,
whis_236,1969whis4020,,Whiston,,1969,whis4020,Rainhill West,R. Berry,Lab,289,0,1,1,,538,,53.71747,Liverpool Daily Post 1969-05-06 p.9.,"Con Control: Con 15, Labour 18",,,,,,
whis_237,1969whis4020,,Whiston,,1969,whis4020,Rainhill West,J. Haddock,Con,249,0,1,2,,538,,46.28253,Liverpool Daily Post 1969-05-06 p.9.,"Con Control: Con 15, Labour 19",,,,,,
whis_238,1969whis4022,,Whiston,,1969,whis4022,Whiston North,B. Jeffrey,Con,361,0,1,1,,572,,63.11189,Liverpool Daily Post 1969-05-06 p.9.,"Con Control: Con 15, Labour 21",,,,,,
whis_239,1969whis4022,,Whiston,,1969,whis4022,Whiston North,E. W. Norris,Lab,211,0,1,2,,572,,36.88811,Liverpool Daily Post 1969-05-06 p.9.,"Con Control: Con 15, Labour 22",,,,,,
whis_240,1969whis4023,,Whiston,,1969,whis4023,Whiston East,W. Myers,Lab,156,0,1,1,,237,,65.82278,Liverpool Daily Post 1969-05-06 p.9.,"Con Control: Con 15, Labour 23",,,,,,
whis_241,1969whis4023,,Whiston,,1969,whis4023,Whiston East,W. Ditchfield,Con,81,0,1,2,,237,,34.17722,Liverpool Daily Post 1969-05-06 p.9.,"Con Control: Con 15, Labour 24",,,,,,
whis_242,1969whis4024,,Whiston,,1969,whis4024,Whiston South,Mrs A. R. Lamont,Lab,204,1,1,1,,391,,52.17391,Liverpool Daily Post 1969-05-06 p.9.,"Con Control: Con 15, Labour 25",,,,,,
whis_243,1969whis4024,,Whiston,,1969,whis4024,Whiston South,A. Valentine,Con,187,0,1,2,,391,,47.82609,Liverpool Daily Post 1969-05-06 p.9.,"Con Control: Con 15, Labour 26",,,,,,
whis_244,1969whis4025,,Whiston,,1969,whis4025,Whiston West,W. M. Clarke,Lab,268,0,1,1,,414,,64.7343,Liverpool Daily Post 1969-05-06 p.9.,"Con Control: Con 15, Labour 27",,,,,,
whis_245,1969whis4025,,Whiston,,1969,whis4025,Whiston West,J. E. Crossman,Con,146,0,1,2,,414,,35.2657,Liverpool Daily Post 1969-05-06 p.9.,"Con Control: Con 15, Labour 28",,,,,,
whis_246,1969whis4027,,Whiston,,1969,whis4027,Cantril Farm,J. Kelly,Lab,454,0,1,1,,832,,54.56731,,,,,,,,
whis_247,1969whis4027,,Whiston,,1969,whis4027,Cantril Farm,H. J. Boardman,Ind,267,0,1,2,,832,,32.09135,,,,,,,,
whis_248,1969whis4027,,Whiston,,1969,whis4027,Cantril Farm,P. R. Frodsham,Con,111,0,1,3,,832,,13.34135,,,,,,,,
whis_249,1970whis4003,,Whiston,,1970,whis4003,Cronton,Mrs E. S. Coupe,Ind,Unop,1,1,,,0,,,Liverpool Daily Post 1970-05-05 p.7.,"Lab Control: Lab 16, Con + Others 15",,,,,,
whis_250,1970whis4004,,Whiston,,1970,whis4004,Eccleston East,W. R. Crosby,Con,Unop,0,1,,,0,,,Liverpool Daily Post 1970-05-05 p.7.,"Lab Control: Lab 16, Con + Others 16",,,,,,
whis_251,1970whis4005,,Whiston,,1970,whis4005,Eccleston South,N. Ridge,Con,Unop,0,1,,,0,,,Liverpool Daily Post 1970-05-05 p.7.,"Lab Control: Lab 16, Con + Others 17",,,,,,
whis_252,1970whis4006,,Whiston,,1970,whis4006,Eccleston West,T. McCormack,R.A.,1258,0,2,1,,2802,,89.79301,Liverpool Daily Post 1970-05-05 p.7.,"Lab Control: Lab 16, Con + Others 18",,,,,,
whis_253,1970whis4006,,Whiston,,1970,whis4006,Eccleston West,G. Brownlow,Con,1164,0,2,2,,2802,,83.08351,Liverpool Daily Post 1970-05-05 p.7.,"Lab Control: Lab 16, Con + Others 19",,,,,,
whis_254,1970whis4006,,Whiston,,1970,whis4006,Eccleston West,E. Norris,Lab,380,0,2,3,,2802,,27.12348,Liverpool Daily Post 1970-05-05 p.7.,"Lab Control: Lab 16, Con + Others 20",,,,,,
whis_255,1970whis4007,,Whiston,,1970,whis4007,Hale,W. N. Howell,Ind,Unop,0,1,,,0,,,Liverpool Daily Post 1970-05-05 p.7.,"Lab Control: Lab 16, Con + Others 21",,,,,,
whis_256,1970whis4017,,Whiston,,1970,whis4017,Knowsley West,T. Collins,Lab,679,0,2,1,,1734,,78.31603,Liverpool Daily Post 1970-05-05 p.7.,"Lab Control: Lab 16, Con + Others 15",,,,,,
whis_257,1970whis4017,,Whiston,,1970,whis4017,Knowsley West,J. Dobinson,Lab,606,0,2,2,,1734,,69.89619,Liverpool Daily Post 1970-05-05 p.7.,"Lab Control: Lab 16, Con + Others 16",,,,,,
whis_258,1970whis4017,,Whiston,,1970,whis4017,Knowsley West,R. Bowen,Con,168,0,2,3,,1734,,19.37716,Liverpool Daily Post 1970-05-05 p.7.,"Lab Control: Lab 16, Con + Others 17",,,,,,
whis_259,1970whis4017,,Whiston,,1970,whis4017,Knowsley West,R. Langley,Con,145,0,2,4,,1734,,16.72434,Liverpool Daily Post 1970-05-05 p.7.,"Lab Control: Lab 16, Con + Others 18",,,,,,
whis_260,1970whis4017,,Whiston,,1970,whis4017,Knowsley West,H. Boardman,Ind,136,0,2,5,,1734,,15.68627,Liverpool Daily Post 1970-05-05 p.7.,"Lab Control: Lab 16, Con + Others 19",,,,,,
whis_261,1970whis4021,,Whiston,,1970,whis4021,Tarbock,J. Reynolds,Con,152,0,1,1,,289,,52.59515,Liverpool Daily Post 1970-05-05 p.7.,"Lab Control: Lab 16, Con + Others 20",,,,,,
whis_262,1970whis4021,,Whiston,,1970,whis4021,Tarbock,T. Critchley,Ind,137,0,1,2,,289,,47.40485,Liverpool Daily Post 1970-05-05 p.7.,"Lab Control: Lab 16, Con + Others 21",,,,,,
whis_263,1970whis4026,,Whiston,,1970,whis4026,Windle,R. Greener,,Unop,0,1,,,0,,,Liverpool Daily Post 1970-05-05 p.7.,"Lab Control: Lab 16, Con + Others 20",,,,,,
whis_264,1971whis4010,,Whiston,,1971,whis4010,Halewood South,B. Glennon,Lab,399,0,1,1,,462,,86.36364,,"Lab 17, Con 11, Ind 3",,,,,,
whis_265,1971whis4010,,Whiston,,1971,whis4010,Halewood South,I. Devlin,Con,63,0,1,2,,462,,13.63636,,"Lab 17, Con 11, Ind 3",,,,,,
whis_266,1971whis4014,,Whiston,,1971,whis4014,Knowsley North,T. Rose,Con,521,0,1,1,,1306,,39.8928,,"Lab 17, Con 11, Ind 3",,,,,,
whis_267,1971whis4014,,Whiston,,1971,whis4014,Knowsley North,H. Bailey,Lab,484,0,1,2,,1306,,37.05972,,"Lab 17, Con 11, Ind 3",,,,,,
whis_268,1971whis4014,,Whiston,,1971,whis4014,Knowsley North,J. Hamner,Ind,301,0,1,3,,1306,,23.04747,,"Lab 17, Con 11, Ind 3",,,,,,
whis_269,1971whis4015,,Whiston,,1971,whis4015,Knowsley East,F. Davidson,Lab,287,0,1,1,,411,,69.82968,,"Lab 17, Con 11, Ind 3",,,,,,
whis_270,1971whis4015,,Whiston,,1971,whis4015,Knowsley East,J. Brash,Con,124,0,1,2,,411,,30.17032,,"Lab 17, Con 11, Ind 3",,,,,,
whis_271,1971whis4017,,Whiston,,1971,whis4017,Knowsley West,T. Collins,Lab,1311,0,3,1,,4373,,89.93826,,"Lab 17, Con 11, Ind 3",,,,,,
whis_272,1971whis4017,,Whiston,,1971,whis4017,Knowsley West,J. Dobinson,Lab,1215,0,3,2,,4373,,83.35239,,"Lab 17, Con 11, Ind 3",,,,,,
whis_273,1971whis4017,,Whiston,,1971,whis4017,Knowsley West,M. Foulkes,Lab,1201,0,3,3,,4373,,82.39195,,"Lab 17, Con 11, Ind 3",,,,,,
whis_274,1971whis4017,,Whiston,,1971,whis4017,Knowsley West,W. McClean,Con,230,0,3,4,,4373,,15.77864,,"Lab 17, Con 11, Ind 3",,,,,,
whis_275,1971whis4017,,Whiston,,1971,whis4017,Knowsley West,B. Gemmel,Con,210,0,3,5,,4373,,14.40659,,"Lab 17, Con 11, Ind 3",,,,,,
whis_276,1971whis4017,,Whiston,,1971,whis4017,Knowsley West,R. Bowen,Con,206,0,3,6,,4373,,14.13217,,"Lab 17, Con 11, Ind 3",,,,,,
whis_277,1972whis4003,,Whiston,,1972,whis4003,Cronton,E. Pitts,Con,296,0,1,1,,639,,46.32238,,"Lab 17, Con + Others 14",,,,,,
whis_278,1972whis4003,,Whiston,,1972,whis4003,Cronton,Mrs P. H. Dunbar,Ind,275,1,1,2,,639,,43.036,,"Lab 17, Con + Others 14",,,,,,
whis_279,1972whis4003,,Whiston,,1972,whis4003,Cronton,D. Rooney,Lab,68,0,1,3,,639,,10.64163,,"Lab 17, Con + Others 14",,,,,,
whis_280,1972whis4018,,Whiston,,1972,whis4018,Rainhill North,E. W. Hughes,Lab,584,0,2,1,,1886,,61.93001,,"Lab 17, Con + Others 14",,,,,,
whis_281,1972whis4018,,Whiston,,1972,whis4018,Rainhill North,D. L. Healing,Lab,539,0,2,2,,1886,,57.158,,"Lab 17, Con + Others 14",,,,,,
whis_282,1972whis4018,,Whiston,,1972,whis4018,Rainhill North,D. H. Critchley,Con,388,0,2,3,,1886,,41.14528,,"Lab 17, Con + Others 14",,,,,,
whis_283,1972whis4018,,Whiston,,1972,whis4018,Rainhill North,Mrs P. R. Frodsham,Con,375,1,2,4,,1886,,39.7667,,"Lab 17, Con + Others 14",,,,,,
whis_284,1972whis4019,,Whiston,,1972,whis4019,Rainhill South,Mrs. N. Holley,Con,508,1,1,1,,900,,56.44444,,"Lab 17, Con + Others 14",,,,,,
whis_285,1972whis4019,,Whiston,,1972,whis4019,Rainhill South,M. J. Doyle,Lab,392,0,1,2,,900,,43.55556,,"Lab 17, Con + Others 14",,,,,,
whis_286,1972whis4022,,Whiston,,1972,whis4022,Whiston North,B. Leach,Lab,282,0,1,1,,442,,63.8009,,"Lab 17, Con + Others 14",,,,,,
whis_287,1972whis4022,,Whiston,,1972,whis4022,Whiston North,B. Jeffrey,Con,160,0,1,2,,442,,36.1991,,"Lab 17, Con + Others 14",,,,,,
whis_288,1972whis4023,,Whiston,,1972,whis4023,Whiston East,E. W. Norris,Lab,279,0,1,1,,320,,87.1875,,"Lab 17, Con + Others 14",,,,,,
whis_289,1972whis4023,,Whiston,,1972,whis4023,Whiston East,J. E. Crossman,Con,41,0,1,2,,320,,12.8125,,"Lab 17, Con + Others 14",,,,,,
whis_290,1972whis4024,,Whiston,,1972,whis4024,Whiston South,Mrs A. R. Lamont,Lab,382,1,1,1,,489,,78.11861,,"Lab 17, Con + Others 14",,,,,,
whis_291,1972whis4024,,Whiston,,1972,whis4024,Whiston South,A. Valentine,Con,107,0,1,2,,489,,21.88139,,"Lab 17, Con + Others 14",,,,,,
whis_292,1972whis4025,,Whiston,,1972,whis4025,Whiston West,W. M. Clarke,Lab,392,0,1,1,,446,,87.89238,,"Lab 17, Con + Others 14",,,,,,
whis_293,1972whis4025,,Whiston,,1972,whis4025,Whiston West,W. Ditchfield,Con,54,0,1,2,,446,,12.10762,,"Lab 17, Con + Others 14",,,,,,
