id,election_id,upper_tier,lower_tier,current_council,year,ward_id,ward_name,candidate,party,vote,female,vacancies,rank,electorate,ballots_cast,turnout,vote_share,source,notes
huy_001,1946huy1001,Lancashire,Huyton,Knowsley,1946,huy1001,Fincham,W. H. Bygroves,Lab,736,0,2,1,,1615,,91.14551,,
huy_002,1946huy1001,Lancashire,Huyton,Knowsley,1946,huy1001,Fincham,A. McCracken,Lab,700,0,2,2,,1615,,86.68731,,
huy_003,1946huy1001,Lancashire,Huyton,Knowsley,1946,huy1001,Fincham,P. A. Francis,Comm,179,0,2,3,,1615,,22.16718,,
huy_004,1946huy1002,Lancashire,Huyton,Knowsley,1946,huy1002,Huyton Farm,A. Drinkwater,Lab,408,0,1,1,,686,,59.47522,,
huy_005,1946huy1002,Lancashire,Huyton,Knowsley,1946,huy1002,Huyton Farm,S. H. F. Selfow,R.A.,278,0,1,2,,686,,40.52478,,
huy_006,1946huy1003,Lancashire,Huyton,Knowsley,1946,huy1003,Longview,Dr. A. Clein,Lab,771,0,3,1,,3512,,65.85991,,
huy_007,1946huy1003,Lancashire,Huyton,Knowsley,1946,huy1003,Longview,F. W. Grosart,Lab,759,0,3,2,,3512,,64.83485,,
huy_008,1946huy1003,Lancashire,Huyton,Knowsley,1946,huy1003,Longview,C. Shaw,Lab,729,0,3,3,,3512,,62.27221,,
huy_009,1946huy1003,Lancashire,Huyton,Knowsley,1946,huy1003,Longview,W. E. Roberts,Con,461,0,3,4,,3512,,39.37927,,
huy_010,1946huy1003,Lancashire,Huyton,Knowsley,1946,huy1003,Longview,A. Wharmby,Con,416,0,3,5,,3512,,35.53531,,
huy_011,1946huy1003,Lancashire,Huyton,Knowsley,1946,huy1003,Longview,R. S. Gale,Con,376,0,3,6,,3512,,32.11845,,
huy_012,1946huy1004,Lancashire,Huyton,Knowsley,1946,huy1004,St. Anges,J. S. Downs,Ind,378,0,1,1,,718,,52.64624,,
huy_013,1946huy1004,Lancashire,Huyton,Knowsley,1946,huy1004,St. Anges,T. Percy,Ind,340,0,1,2,,718,,47.35376,,
huy_014,1946huy1005,Lancashire,Huyton,Knowsley,1946,huy1005,St. Bartholomew’s,J. Donoghue,Lab,530,0,2,1,,2167,,48.91555,,
huy_015,1946huy1005,Lancashire,Huyton,Knowsley,1946,huy1005,St. Bartholomew’s,Mrs C. Donoghue,Lab,487,1,2,2,,2167,,44.94693,,
huy_016,1946huy1005,Lancashire,Huyton,Knowsley,1946,huy1005,St. Bartholomew’s,D. Jukes,R.A.,469,0,2,3,,2167,,43.28565,,
huy_017,1946huy1005,Lancashire,Huyton,Knowsley,1946,huy1005,St. Bartholomew’s,B. P. Jordan,R.A.,465,0,2,4,,2167,,42.91647,,
huy_018,1946huy1005,Lancashire,Huyton,Knowsley,1946,huy1005,St. Bartholomew’s,S. Waxman,Comm,216,0,2,5,,2167,,19.93539,,
huy_019,1946huy1006,Lancashire,Huyton,Knowsley,1946,huy1006,St. Gabriel’s,R. Foulkes,Lab,516,0,2,1,,1605,,64.29906,,
huy_020,1946huy1006,Lancashire,Huyton,Knowsley,1946,huy1006,St. Gabriel’s,W. A. Powell,Lab,451,0,2,2,,1605,,56.19938,,
huy_021,1946huy1006,Lancashire,Huyton,Knowsley,1946,huy1006,St. Gabriel’s,J. R. Sutcliffe,R.A.,336,0,2,3,,1605,,41.86916,,
huy_022,1946huy1006,Lancashire,Huyton,Knowsley,1946,huy1006,St. Gabriel’s,J. R. Biglands,R.A.,302,0,2,4,,1605,,37.6324,,
huy_023,1946huy1007,Lancashire,Huyton,Knowsley,1946,huy1007,St. Michael’s,J. R. Colbert,R.A.,1153,0,2,1,,3013,,76.53501,,
huy_024,1946huy1007,Lancashire,Huyton,Knowsley,1946,huy1007,St. Michael’s,J. Bevan,R.A.,1149,0,2,2,,3013,,76.2695,,
huy_026,1946huy1007,Lancashire,Huyton,Knowsley,1946,huy1007,St. Michael’s,R. Osborne,Lab,397,0,2,3,,3013,,26.35247,,
huy_025,1946huy1007,Lancashire,Huyton,Knowsley,1946,huy1007,St. Michael’s,Mrs M. O'Hare,Lab,314,1,2,4,,3013,,20.84301,,
huy_027,1946huy1008,Lancashire,Huyton,Knowsley,1946,huy1008,Swanside,W. Humphries,Lab,544,0,2,1,,2115,,51.44208,,
huy_028,1946huy1008,Lancashire,Huyton,Knowsley,1946,huy1008,Swanside,W. Berrington,Lab,538,0,2,2,,2115,,50.87471,,
huy_029,1946huy1008,Lancashire,Huyton,Knowsley,1946,huy1008,Swanside,W. O. Jones,R.A.,529,0,2,3,,2115,,50.02364,,
huy_030,1946huy1008,Lancashire,Huyton,Knowsley,1946,huy1008,Swanside,H. N. Stacey,R.A.,504,0,2,4,,2115,,47.65957,,
huy_040,1947huy1001,Lancashire,Huyton,Knowsley,1947,huy1001,St. Bartholomew’s,J. J. Coward,Comm,128,0,1,1,,128,,100,,
huy_031,1947huy1001,Lancashire,Huyton,Knowsley,1947,huy1001,Fincham,F. Horrigan,Lab,Unop,0,1,,,128,,,,
huy_032,1947huy1002,Lancashire,Huyton,Knowsley,1947,huy1002,Huyton Farm,C. N. Rogers,Con,589,0,1,1,,1627,,36.2016,,
huy_041,1947huy1002,Lancashire,Huyton,Knowsley,1947,huy1002,St. Gabriel’s,J. Rogers,R.A.,517,0,2,2,,1627,,63.55255,,
huy_033,1947huy1002,Lancashire,Huyton,Knowsley,1947,huy1002,Huyton Farm,T. Kearns,Lab,461,0,1,3,,1627,,28.33436,,
huy_034,1947huy1002,Lancashire,Huyton,Knowsley,1947,huy1002,Huyton Farm,H. Strapps,R.A.,60,0,1,4,,1627,,3.687769,,
huy_035,1947huy1003,Lancashire,Huyton,Knowsley,1947,huy1003,Longview,C. Shaw,Lab,810,0,1,1,,1452,,55.78513,,
huy_036,1947huy1003,Lancashire,Huyton,Knowsley,1947,huy1003,Longview,R. S. Gale,Con,642,0,1,2,,1452,,44.21487,,
huy_037,1947huy1004,Lancashire,Huyton,Knowsley,1947,huy1004,St. Agnes,R. Boocock,R.A.,Unop,0,1,,,0,,,,
huy_038,1947huy1005,Lancashire,Huyton,Knowsley,1947,huy1005,St. Bartholomew’s,L. B. Charnley,R.A,924,0,1,1,,1472,,62.77174,,
huy_039,1947huy1005,Lancashire,Huyton,Knowsley,1947,huy1005,St. Bartholomew’s,R. Osborne,Lab,548,0,1,2,,1472,,37.22826,,
huy_042,1947huy1006,Lancashire,Huyton,Knowsley,1947,huy1006,St. Gabriel’s,J. R. Biglands,R.A.,504,0,2,1,,1066,,94.5591,,
huy_043,1947huy1006,Lancashire,Huyton,Knowsley,1947,huy1006,St. Gabriel’s,G. P. McMahon,Lab,323,0,2,2,,1066,,60.60038,,
huy_044,1947huy1006,Lancashire,Huyton,Knowsley,1947,huy1006,St. Gabriel’s,B. A. Roberts,Lab,239,0,2,3,,1066,,44.84053,,
huy_045,1947huy1007,Lancashire,Huyton,Knowsley,1947,huy1007,St. Michael’s,A. Johnstone,R.A.,1168,0,1,1,,1411,,82.77817,,
huy_046,1947huy1007,Lancashire,Huyton,Knowsley,1947,huy1007,St. Michael’s,Mrs M. O'Hare,Lab,243,1,1,2,,1411,,17.22183,,
huy_047,1947huy1008,Lancashire,Huyton,Knowsley,1947,huy1008,Swanside,W. O. Jones,R.A.,972,0,1,1,,1482,,65.58704,,
huy_048,1947huy1008,Lancashire,Huyton,Knowsley,1947,huy1008,Swanside,Mrs M. Taylor,Lab,510,1,1,2,,1482,,34.41296,,
huy_049,1948huy1001,Lancashire,Huyton,Knowsley,1948,huy1001,Fincham,A. McCracken,Lab,1388,0,1,1,,1954,,71.03378,,
huy_050,1948huy1001,Lancashire,Huyton,Knowsley,1948,huy1001,Fincham,F. R. Foster,Con,566,0,1,2,,1954,,28.96622,,
huy_051,1948huy1002,Lancashire,Huyton,Knowsley,1948,huy1002,Huyton Farm,A. Hambleton,Lab,717,0,1,1,,1303,,55.02686,,
huy_052,1948huy1002,Lancashire,Huyton,Knowsley,1948,huy1002,Huyton Farm,L. Crosbie,Con,586,0,1,2,,1303,,44.97314,,
huy_053,1948huy1003,Lancashire,Huyton,Knowsley,1948,huy1003,Longview,F. W. Grosart,Lab,767,0,1,1,,1448,,52.96961,,
huy_054,1948huy1003,Lancashire,Huyton,Knowsley,1948,huy1003,Longview,W. E. Roberts,Con,681,0,1,2,,1448,,47.03039,,
huy_055,1948huy1004,Lancashire,Huyton,Knowsley,1948,huy1004,St. Agnes,J. J. McGoldrick,R.A.,643,0,1,1,,704,,91.33523,,
huy_056,1948huy1004,Lancashire,Huyton,Knowsley,1948,huy1004,St. Agnes,E. W. Taylor,Lab,61,0,1,2,,704,,8.664773,,
huy_057,1948huy1005,Lancashire,Huyton,Knowsley,1948,huy1005,St. Bartholomew’s,B. P. Jordan,R.A.,1123,0,1,1,,2070,,54.25121,,
huy_058,1948huy1005,Lancashire,Huyton,Knowsley,1948,huy1005,St. Bartholomew’s,Mrs C. L. Donoghue,Lab,947,1,1,2,,2070,,45.74879,,
huy_059,1948huy1006,Lancashire,Huyton,Knowsley,1948,huy1006,St. Gabriel’s,J. R. Biglands,R.A.,513,0,1,1,,929,,55.22067,,
huy_060,1948huy1006,Lancashire,Huyton,Knowsley,1948,huy1006,St. Gabriel’s,G. P. McMahon,Lab,416,0,1,2,,929,,44.77933,,
huy_061,1948huy1007,Lancashire,Huyton,Knowsley,1948,huy1007,St. Michael’s,J. Bevan,R.A.,1056,0,1,1,,1218,,86.69951,,
huy_062,1948huy1007,Lancashire,Huyton,Knowsley,1948,huy1007,St. Michael’s,J. O'Hagan,Lab,162,0,1,2,,1218,,13.30049,,
huy_064,1948huy1008,Lancashire,Huyton,Knowsley,1948,huy1008,Swanside,W. A. Hughes,R.A.,757,0,1,1,,2118,,35.74126,,
huy_063,1948huy1008,Lancashire,Huyton,Knowsley,1948,huy1008,Swanside,W. Berringham,Lab,728,0,1,2,,2118,,34.37205,,
huy_065,1948huy1008,Lancashire,Huyton,Knowsley,1948,huy1008,Swanside,C. E. Harwood,Con,633,0,1,3,,2118,,29.88669,,
huy_066,1949huy1001,Lancashire,Huyton,Knowsley,1949,huy1001,Fincham,C. Delaney,Lab,1678,0,1,1,,2563,,65.47015,,
huy_067,1949huy1001,Lancashire,Huyton,Knowsley,1949,huy1001,Fincham,J. Duke,Con,885,0,1,2,,2563,,34.52985,,
huy_068,1949huy1002,Lancashire,Huyton,Knowsley,1949,huy1002,Huyton Farm,C. Segar,Con,706,0,1,1,,1384,,51.01156,,
huy_069,1949huy1002,Lancashire,Huyton,Knowsley,1949,huy1002,Huyton Farm,A. Drinkwater,Lab,678,0,1,2,,1384,,48.98844,,
huy_070,1949huy1003,Lancashire,Huyton,Knowsley,1949,huy1003,Longview,J. Maguire,Lab,1136,0,1,1,,1918,,59.22836,,
huy_071,1949huy1003,Lancashire,Huyton,Knowsley,1949,huy1003,Longview,D. S. Crichton,Con,739,0,1,2,,1918,,38.52972,,
huy_072,1949huy1003,Lancashire,Huyton,Knowsley,1949,huy1003,Longview,S. Bird,Comm,43,0,1,3,,1918,,2.241919,,
huy_073,1949huy1004,Lancashire,Huyton,Knowsley,1949,huy1004,St. Agnes,W. R. E. Cross,R.A.,534,0,1,1,,605,,88.26447,,
huy_074,1949huy1004,Lancashire,Huyton,Knowsley,1949,huy1004,St. Agnes,P. Maguire,Lab,71,0,1,2,,605,,11.73554,,
huy_075,1949huy1005,Lancashire,Huyton,Knowsley,1949,huy1005,St. Bartholomew’s,L. S. Barrington,R.A.,1315,0,1,1,,2194,,59.93619,,
huy_076,1949huy1005,Lancashire,Huyton,Knowsley,1949,huy1005,St. Bartholomew’s,J. T. Donoghue,Lab,851,0,1,2,,2194,,38.7876,,
huy_077,1949huy1005,Lancashire,Huyton,Knowsley,1949,huy1005,St. Bartholomew’s,C. M. Hines,Comm,28,0,1,3,,2194,,1.276208,,
huy_078,1949huy1006,Lancashire,Huyton,Knowsley,1949,huy1006,St. Gabriel’s,R. Foulkes,Lab,651,0,1,1,,1053,,61.82336,,
huy_079,1949huy1006,Lancashire,Huyton,Knowsley,1949,huy1006,St. Gabriel’s,A. E. Welsby,R.A.,402,0,1,2,,1053,,38.17664,,
huy_080,1949huy1007,Lancashire,Huyton,Knowsley,1949,huy1007,St. Michael’s,H. Owens,Con,1175,0,1,1,,2824,,41.60765,,
huy_081,1949huy1007,Lancashire,Huyton,Knowsley,1949,huy1007,St. Michael’s,R. Osborne,Lab,865,0,1,2,,2824,,30.63031,,
huy_082,1949huy1007,Lancashire,Huyton,Knowsley,1949,huy1007,St. Michael’s,J. R. Colbert,R. A.,784,0,1,3,,2824,,27.76204,,
huy_083,1949huy1008,Lancashire,Huyton,Knowsley,1949,huy1008,Swanside,S. H. Hooper,R.A.,1254,0,1,1,,2014,,62.26415,,
huy_084,1949huy1008,Lancashire,Huyton,Knowsley,1949,huy1008,Swanside,W. Berrington,Lab,760,0,1,2,,2014,,37.73585,,
huy_085,1950huy1001,Lancashire,Huyton,Knowsley,1950,huy1001,Fincham,C. Kelly,Lab,1467,0,1,1,,2112,,69.46023,,
huy_086,1950huy1001,Lancashire,Huyton,Knowsley,1950,huy1001,Fincham,F. R. Foster,Con,645,0,1,2,,2112,,30.53977,,
huy_087,1950huy1002,Lancashire,Huyton,Knowsley,1950,huy1002,Huyton Farm,D. Taylor,Lab,701,0,1,1,,1398,,50.14306,,
huy_088,1950huy1002,Lancashire,Huyton,Knowsley,1950,huy1002,Huyton Farm,J. Duke,Con,697,0,1,2,,1398,,49.85694,,
huy_089,1950huy1003,Lancashire,Huyton,Knowsley,1950,huy1003,Longview,P. Longworth,Lab,1085,0,1,1,,1879,,57.74348,,
huy_090,1950huy1003,Lancashire,Huyton,Knowsley,1950,huy1003,Longview,D. S. Crichton,Con,763,0,1,2,,1879,,40.6067,,
huy_091,1950huy1003,Lancashire,Huyton,Knowsley,1950,huy1003,Longview,M. Hynes,Comm,31,0,1,3,,1879,,1.649814,,
huy_092,1950huy1004,Lancashire,Huyton,Knowsley,1950,huy1004,St. Agnes,J. Boocock,R.A.,592,0,1,1,,919,,64.41785,,
huy_093,1950huy1004,Lancashire,Huyton,Knowsley,1950,huy1004,St. Agnes,M. J. Moore,Lab,327,0,1,2,,919,,35.58215,,
huy_094,1950huy1005,Lancashire,Huyton,Knowsley,1950,huy1005,St. Bartholomew’s,L. N. Charnley,R.A.,1416,0,1,1,,2410,,58.75519,,
huy_095,1950huy1005,Lancashire,Huyton,Knowsley,1950,huy1005,St. Bartholomew’s,S. Gordon,Lab,958,0,1,2,,2410,,39.75104,,
huy_096,1950huy1005,Lancashire,Huyton,Knowsley,1950,huy1005,St. Bartholomew’s,G. Clarke,Comm,36,0,1,3,,2410,,1.493776,,
huy_097,1950huy1006,Lancashire,Huyton,Knowsley,1950,huy1006,St. Gabriel’s,G. P. McMahon,Lab,529,0,1,1,,910,,58.13187,,
huy_098,1950huy1006,Lancashire,Huyton,Knowsley,1950,huy1006,St. Gabriel’s,J. Rogers,R.A.,381,0,1,2,,910,,41.86813,,
huy_099,1950huy1007,Lancashire,Huyton,Knowsley,1950,huy1007,St. Michael’s,J. E. Griffiths,Con,1511,0,1,1,,3120,,48.42949,,
huy_100,1950huy1007,Lancashire,Huyton,Knowsley,1950,huy1007,St. Michael’s,R. Osborne,Lab,1048,0,1,2,,3120,,33.58974,,
huy_101,1950huy1007,Lancashire,Huyton,Knowsley,1950,huy1007,St. Michael’s,A. Johnstone,R.A.,561,0,1,3,,3120,,17.98077,,
huy_102,1950huy1008,Lancashire,Huyton,Knowsley,1950,huy1008,Swanside,W. O. Jones,R.A.,1185,0,1,1,,1990,,59.54774,,
huy_103,1950huy1008,Lancashire,Huyton,Knowsley,1950,huy1008,Swanside,W. Berrington,Lab,805,0,1,2,,1990,,40.45226,,
huy_104,1951huy1001,Lancashire,Huyton,Knowsley,1951,huy1001,Fincham,A. McCracken,Lab,1351,0,1,1,,2132,,63.36773,,
huy_105,1951huy1001,Lancashire,Huyton,Knowsley,1951,huy1001,Fincham,F. Smith,Con,781,0,1,2,,2132,,36.63227,,
huy_106,1951huy1002,Lancashire,Huyton,Knowsley,1951,huy1002,Huyton Farm,A. Hambleton,Lab,854,0,1,1,,1452,,58.81543,,
huy_107,1951huy1002,Lancashire,Huyton,Knowsley,1951,huy1002,Huyton Farm,W. N. Bates,Con,598,0,1,2,,1452,,41.18457,,
huy_108,1951huy1003,Lancashire,Huyton,Knowsley,1951,huy1003,Longview,F. W. Grosart,Lab,942,0,1,1,,1673,,56.30604,,
huy_109,1951huy1003,Lancashire,Huyton,Knowsley,1951,huy1003,Longview,R. S. Craig,Con,731,0,1,2,,1673,,43.69396,,
huy_110,1951huy1004,Lancashire,Huyton,Knowsley,1951,huy1004,St. Agnes,G. Fox,R.A.,688,0,1,1,,1078,,63.82189,,
huy_111,1951huy1004,Lancashire,Huyton,Knowsley,1951,huy1004,St. Agnes,M. J. Moore,Lab,390,0,1,2,,1078,,36.17811,,
huy_112,1951huy1005,Lancashire,Huyton,Knowsley,1951,huy1005,St. Bartholomew’s,K. F. Jessop,Con,1206,0,1,1,,2947,,40.92297,,
huy_113,1951huy1005,Lancashire,Huyton,Knowsley,1951,huy1005,St. Bartholomew’s,S. Gordon,Lab,1009,0,1,2,,2947,,34.23821,,
huy_114,1951huy1005,Lancashire,Huyton,Knowsley,1951,huy1005,St. Bartholomew’s,B. P. Jordon,R.A,732,0,1,3,,2947,,24.83882,,
huy_115,1951huy1006,Lancashire,Huyton,Knowsley,1951,huy1006,St. Gabriel’s,S. Powell,Lab,501,0,1,1,,980,,51.12245,,
huy_116,1951huy1006,Lancashire,Huyton,Knowsley,1951,huy1006,St. Gabriel’s,J. R. Biglands,R.A.,479,0,1,2,,980,,48.87755,,
huy_117,1951huy1007,Lancashire,Huyton,Knowsley,1951,huy1007,St. Michael’s,H. R. Palk,Con,1733,0,1,1,,3189,,54.34306,,
huy_118,1951huy1007,Lancashire,Huyton,Knowsley,1951,huy1007,St. Michael’s,R. Osbourne,Lab,1101,0,1,2,,3189,,34.52493,,
huy_119,1951huy1007,Lancashire,Huyton,Knowsley,1951,huy1007,St. Michael’s,J. Bevan,R.A.,355,0,1,3,,3189,,11.13202,,
huy_120,1951huy1008,Lancashire,Huyton,Knowsley,1951,huy1008,Swanside,W. A. Hughes,R.A.,1097,0,1,1,,1734,,63.26413,,
huy_121,1951huy1008,Lancashire,Huyton,Knowsley,1951,huy1008,Swanside,J. C. Howley,Lab,637,0,1,2,,1734,,36.73587,,
huy_122,1952huy1001,Lancashire,Huyton,Knowsley,1952,huy1001,Fincham,C. Delaney,Lab,1632,0,1,1,,1956,,83.43559,,
huy_123,1952huy1001,Lancashire,Huyton,Knowsley,1952,huy1001,Fincham,R. Arden,Con,324,0,1,2,,1956,,16.56442,,
huy_124,1952huy1002,Lancashire,Huyton,Knowsley,1952,huy1002,Huyton Farm,A. E. Perry,Lab,847,0,1,1,,1399,,60.54324,,
huy_125,1952huy1002,Lancashire,Huyton,Knowsley,1952,huy1002,Huyton Farm,H. Swainbank,Con,552,0,1,2,,1399,,39.45676,,
huy_126,1952huy1003,Lancashire,Huyton,Knowsley,1952,huy1003,Longview,J. Maguire,Lab,1147,0,1,1,,1755,,65.35612,,
huy_127,1952huy1003,Lancashire,Huyton,Knowsley,1952,huy1003,Longview,R.S Gale,Con,608,0,1,2,,1755,,34.64388,,
huy_128,1952huy1004,Lancashire,Huyton,Knowsley,1952,huy1004,St. Agnes,W. R. E. Cross,R.A.,679,0,1,1,,1029,,65.9864,,
huy_129,1952huy1004,Lancashire,Huyton,Knowsley,1952,huy1004,St. Agnes,W. Morley,Lab,350,0,1,2,,1029,,34.01361,,
huy_130,1952huy1005,Lancashire,Huyton,Knowsley,1952,huy1005,St. Bartholomew’s,L. S. Barrington,Con,1286,0,1,1,,2392,,53.76254,,
huy_131,1952huy1005,Lancashire,Huyton,Knowsley,1952,huy1005,St. Bartholomew’s,M. J. Moore,Lab,1106,0,1,2,,2392,,46.23746,,
huy_132,1952huy1006,Lancashire,Huyton,Knowsley,1952,huy1006,St. Gabriel’s,R. Foulkes,Lab,636,0,1,1,,1002,,63.47305,,
huy_133,1952huy1006,Lancashire,Huyton,Knowsley,1952,huy1006,St. Gabriel’s,J. R. Biglands,R.A.,366,0,1,2,,1002,,36.52695,,
huy_134,1952huy1007,Lancashire,Huyton,Knowsley,1952,huy1007,St. Michael’s,H. Owens,Con,1671,0,1,1,,2950,,56.64407,,
huy_135,1952huy1007,Lancashire,Huyton,Knowsley,1952,huy1007,St. Michael’s,D. Gladwinfield,Lab,1279,0,1,2,,2950,,43.35593,,
huy_136,1952huy1008,Lancashire,Huyton,Knowsley,1952,huy1008,Swanside,S. H. Hooper,R.A.,1140,0,1,1,,2066,,55.17909,,
huy_137,1952huy1008,Lancashire,Huyton,Knowsley,1952,huy1008,Swanside,N. Williams,Lab,926,0,1,2,,2066,,44.82091,,
huy_138,1953huy1001,Lancashire,Huyton,Knowsley,1953,huy1001,Fincham,C. Kelly,Lab,Unop,0,1,,,0,,,,
huy_139,1953huy1002,Lancashire,Huyton,Knowsley,1953,huy1002,Huyton Farm,S. Gordon,Lab,Unop,0,1,,,0,,,,
huy_140,1953huy1003,Lancashire,Huyton,Knowsley,1953,huy1003,Longview,P. Longworth,Lab,1216,0,1,1,,1759,,69.13019,,
huy_141,1953huy1003,Lancashire,Huyton,Knowsley,1953,huy1003,Longview,R. S. Gale,Con,543,0,1,2,,1759,,30.86981,,
huy_142,1953huy1004,Lancashire,Huyton,Knowsley,1953,huy1004,St. Agnes,J. R. Biglands,R.A.,413,0,1,1,,1082,,38.17006,,
huy_143,1953huy1004,Lancashire,Huyton,Knowsley,1953,huy1004,St. Agnes,D. D. Allan,Con,340,0,1,2,,1082,,31.42329,,
huy_144,1953huy1004,Lancashire,Huyton,Knowsley,1953,huy1004,St. Agnes,J. G. Lyons,Lab,329,0,1,3,,1082,,30.40665,,
huy_145,1953huy1005,Lancashire,Huyton,Knowsley,1953,huy1005,St. Bartholomew’s,G. W. Sealey,Con,1520,0,1,1,,2879,,52.79611,,
huy_146,1953huy1005,Lancashire,Huyton,Knowsley,1953,huy1005,St. Bartholomew’s,M. J. Moore,Lab,1359,0,1,2,,2879,,47.20389,,
huy_147,1953huy1006,Lancashire,Huyton,Knowsley,1953,huy1006,St. Gabriel’s,G. P. McMahon,Lab,834,0,1,1,,1251,,66.66666,,
huy_148,1953huy1006,Lancashire,Huyton,Knowsley,1953,huy1006,St. Gabriel’s,G. Jones,Con,417,0,1,2,,1251,,33.33333,,
huy_149,1953huy1007,Lancashire,Huyton,Knowsley,1953,huy1007,St. Michael’s,J. E. Griffiths,Con,1561,0,1,1,,2584,,60.41022,,
huy_150,1953huy1007,Lancashire,Huyton,Knowsley,1953,huy1007,St. Michael’s,J. P. Cull,Lab,1023,0,1,2,,2584,,39.58978,,
huy_151,1953huy1008,Lancashire,Huyton,Knowsley,1953,huy1008,Swanside,W. O. Jones,R.A.,1348,0,1,1,,2108,,63.94687,,
huy_152,1953huy1008,Lancashire,Huyton,Knowsley,1953,huy1008,Swanside,G. Jones,Lab,760,0,1,2,,2108,,36.05313,,
huy_153,1954huy2001,Lancashire,Huyton,Knowsley,1954,huy2001,Huyton Farm,W. Humphries,Lab,1028,0,1,1,,1527,,67.32155,,
huy_154,1954huy2001,Lancashire,Huyton,Knowsley,1954,huy2001,Huyton Farm,C. E. Arkell,Con,499,0,1,2,,1527,,32.67846,,
huy_155,1954huy2002,Lancashire,Huyton,Knowsley,1954,huy2002,Longview,F. W. Gosart,Lab,Unop,0,1,,,0,,,,
huy_156,1954huy2003,Lancashire,Huyton,Knowsley,1954,huy2003,Princess,M. J. Moore,Lab,1124,0,3,1,,3638,,92.68829,,
huy_157,1954huy2003,Lancashire,Huyton,Knowsley,1954,huy2003,Princess,J. D. Dundon,Lab,1092,0,3,2,,3638,,90.04948,,
huy_158,1954huy2003,Lancashire,Huyton,Knowsley,1954,huy2003,Princess,W. Connaugton,Lab,1086,0,3,3,,3638,,89.5547,,
huy_159,1954huy2003,Lancashire,Huyton,Knowsley,1954,huy2003,Princess,G. Fleming,Con,336,0,3,4,,3638,,27.70753,,
huy_160,1954huy2004,Lancashire,Huyton,Knowsley,1954,huy2004,Rupert Farm,H. Swainbank,Con,1066,0,2,1,,2970,,71.78452,,
huy_161,1954huy2004,Lancashire,Huyton,Knowsley,1954,huy2004,Rupert Farm,T. Morgan,Con,1045,0,2,2,,2970,,70.37037,,
huy_162,1954huy2004,Lancashire,Huyton,Knowsley,1954,huy2004,Rupert Farm,Mrs F. P. Herbertson,Lab,452,1,2,3,,2970,,30.43771,,
huy_163,1954huy2004,Lancashire,Huyton,Knowsley,1954,huy2004,Rupert Farm,P. McGeehan,Lab,407,0,2,4,,2970,,27.40741,,
huy_164,1954huy2005,Lancashire,Huyton,Knowsley,1954,huy2005,St. Bartholomew’s,K. F. Jessop,Con,1169,0,1,1,,1929,,60.60135,,
huy_165,1954huy2005,Lancashire,Huyton,Knowsley,1954,huy2005,St. Bartholomew’s,Mrs F. Maher,Lab,760,1,1,2,,1929,,39.39865,,
huy_166,1954huy2006,Lancashire,Huyton,Knowsley,1954,huy2006,St. John's,S. S. Powell,Lab,1321,0,1,1,,2472,,53.43851,,
huy_167,1954huy2006,Lancashire,Huyton,Knowsley,1954,huy2006,St. John's,G. Fox,R.A.,1151,0,1,2,,2472,,46.56149,,
huy_168,1954huy2007,Lancashire,Huyton,Knowsley,1954,huy2007,St. Michael’s,D. Gladwinfield,Lab,970,0,1,1,,1735,,55.90778,,
huy_169,1954huy2007,Lancashire,Huyton,Knowsley,1954,huy2007,St. Michael’s,G. Smith,Con,765,0,1,2,,1735,,44.09222,,
huy_170,1954huy2008,Lancashire,Huyton,Knowsley,1954,huy2008,Swanside,F. L. Tutte,Con,892,0,1,1,,2156,,41.37291,,
huy_171,1954huy2008,Lancashire,Huyton,Knowsley,1954,huy2008,Swanside,G. Jones,Lab,795,0,1,2,,2156,,36.87384,,
huy_172,1954huy2008,Lancashire,Huyton,Knowsley,1954,huy2008,Swanside,D. Jukes,R.A.,469,0,1,3,,2156,,21.75325,,
huy_173,1954huy2009,Lancashire,Huyton,Knowsley,1954,huy2009,Woolfall,A. McCraken,Lab,Unop,0,1,,,0,,,,
huy_174,1955huy2001,Lancashire,Huyton,Knowsley,1955,huy2001,Huyton Farm,A. E Perry,Lab,894,0,1,1,,1362,,65.63876,,
huy_175,1955huy2001,Lancashire,Huyton,Knowsley,1955,huy2001,Huyton Farm,J. C. Walker,Con,468,0,1,2,,1362,,34.36123,,
huy_176,1955huy2002,Lancashire,Huyton,Knowsley,1955,huy2002,Longview,J. Maguire,Lab,901,0,1,1,,1375,,65.52728,,
huy_177,1955huy2002,Lancashire,Huyton,Knowsley,1955,huy2002,Longview,V. Wilson,Con,474,0,1,2,,1375,,34.47273,,
huy_178,1955huy2003,Lancashire,Huyton,Knowsley,1955,huy2003,Princess,W. Connaughton,Lab,Unop,0,1,,,0,,,,
huy_179,1955huy2004,Lancashire,Huyton,Knowsley,1955,huy2004,Rupert Farm,H. Owens,Con,918,0,1,1,,1107,,82.92683,,
huy_180,1955huy2004,Lancashire,Huyton,Knowsley,1955,huy2004,Rupert Farm,P. McGeehan,Lab,189,0,1,2,,1107,,17.07317,,
huy_181,1955huy2005,Lancashire,Huyton,Knowsley,1955,huy2005,St. Bartholomew’s,G. Fox,Con,1148,0,1,1,,1682,,68.25208,,
huy_182,1955huy2005,Lancashire,Huyton,Knowsley,1955,huy2005,St. Bartholomew’s,H. Davies,Lab,534,0,1,2,,1682,,31.74792,,
huy_183,1955huy2006,Lancashire,Huyton,Knowsley,1955,huy2006,St. John's,R. Foulkes,Lab,1354,0,1,1,,2361,,57.34858,,
huy_184,1955huy2006,Lancashire,Huyton,Knowsley,1955,huy2006,St. John's,Mrs C. Bradley,Con,1007,1,1,2,,2361,,42.65142,,
huy_185,1955huy2007,Lancashire,Huyton,Knowsley,1955,huy2007,St. Michael’s,G. Fleming,Con,963,0,1,1,,1800,,53.5,,
huy_186,1955huy2007,Lancashire,Huyton,Knowsley,1955,huy2007,St. Michael’s,G. Jones,Lab,837,0,1,2,,1800,,46.5,,
huy_187,1955huy2008,Lancashire,Huyton,Knowsley,1955,huy2008,Swanside,R. Arden,Con,741,0,1,1,,1887,,39.26868,,
huy_188,1955huy2008,Lancashire,Huyton,Knowsley,1955,huy2008,Swanside,S. H. Hooper,R.A.,643,0,1,2,,1887,,34.07525,,
huy_189,1955huy2008,Lancashire,Huyton,Knowsley,1955,huy2008,Swanside,G. A. Thomas,Lab,503,0,1,3,,1887,,26.65607,,
huy_190,1955huy2009,Lancashire,Huyton,Knowsley,1955,huy2009,Woolfall,C. Delaney,Lab,Unop,0,1,,,0,,,,
huy_191,1956huy2001,Lancashire,Huyton,Knowsley,1956,huy2001,Huyton Farm,S. Gordon,Lab,Unop,0,1,,,0,,,,
huy_192,1956huy2002,Lancashire,Huyton,Knowsley,1956,huy2002,Longview,P. Longworth,Lab,1071,0,1,1,,1504,,71.21011,,
huy_193,1956huy2002,Lancashire,Huyton,Knowsley,1956,huy2002,Longview,P. E. Moran,Con,433,0,1,2,,1504,,28.78989,,
huy_194,1956huy2003,Lancashire,Huyton,Knowsley,1956,huy2003,Princess,J. D. Dundon,Lab,Unop,0,1,,,0,,,,
huy_195,1956huy2004,Lancashire,Huyton,Knowsley,1956,huy2004,Rupert Farm,T. G. Morgan,Con,722,0,1,1,,1021,,70.71499,,
huy_196,1956huy2004,Lancashire,Huyton,Knowsley,1956,huy2004,Rupert Farm,G. C. Freeman,Lab,299,0,1,2,,1021,,29.28502,,
huy_197,1956huy2005,Lancashire,Huyton,Knowsley,1956,huy2005,St. Bartholomew’s,G. W. Sealey,Con,858,0,1,1,,1109,,77.367,,
huy_198,1956huy2005,Lancashire,Huyton,Knowsley,1956,huy2005,St. Bartholomew’s,R. A. Birkenhead,Lab,251,0,1,2,,1109,,22.633,,
huy_199,1956huy2006,Lancashire,Huyton,Knowsley,1956,huy2006,St. John's,J. R. Biglands,R.A.,1069,0,1,1,,2100,,50.90476,,
huy_200,1956huy2006,Lancashire,Huyton,Knowsley,1956,huy2006,St. John's,A. Williams,Lab,1031,0,1,2,,2100,,49.09524,,
huy_201,1956huy2007,Lancashire,Huyton,Knowsley,1956,huy2007,St. Michael’s,Mrs F. P. Herbertson,Lab,988,1,1,1,,1945,,50.79692,,
huy_202,1956huy2007,Lancashire,Huyton,Knowsley,1956,huy2007,St. Michael’s,F. A. Dorothy,Con,957,0,1,2,,1945,,49.20308,,
huy_203,1956huy2008,Lancashire,Huyton,Knowsley,1956,huy2008,Swanside,A. G. Cowie,Con,646,0,1,1,,1686,,38.31554,,
huy_204,1956huy2008,Lancashire,Huyton,Knowsley,1956,huy2008,Swanside,J. Wallace,Lab,608,0,1,2,,1686,,36.06168,,
huy_205,1956huy2008,Lancashire,Huyton,Knowsley,1956,huy2008,Swanside,W. D. Jones,R.A.,432,0,1,3,,1686,,25.62278,,
huy_206,1956huy2009,Lancashire,Huyton,Knowsley,1956,huy2009,Woolfall,C. Kelly,Lab,Unop,0,1,,,0,,,,
huy_207,1957huy2001,Lancashire,Huyton,Knowsley,1957,huy2001,Huyton Farm,P. McGeehan,Lab,788,0,1,1,,1154,,68.28423,,
huy_208,1957huy2001,Lancashire,Huyton,Knowsley,1957,huy2001,Huyton Farm,V. Wilson,Con,366,0,1,2,,1154,,31.71577,,
huy_209,1957huy2002,Lancashire,Huyton,Knowsley,1957,huy2002,Longview,F. W. Grosart,Lab,937,0,1,1,,1320,,70.98485,,
huy_210,1957huy2002,Lancashire,Huyton,Knowsley,1957,huy2002,Longview,W. C. Ledson,Con,383,0,1,2,,1320,,29.01515,,
huy_211,1957huy2003,Lancashire,Huyton,Knowsley,1957,huy2003,Princess,Mrs D. Cunningham,Lab,636,1,1,1,,716,,88.82681,,
huy_212,1957huy2003,Lancashire,Huyton,Knowsley,1957,huy2003,Princess,Mrs B. E. Kirk,Con,80,1,1,2,,716,,11.17318,,
huy_213,1957huy2004,Lancashire,Huyton,Knowsley,1957,huy2004,Rupert Farm,H. Swainbank,Con,799,0,1,1,,1182,,67.59729,,
huy_214,1957huy2004,Lancashire,Huyton,Knowsley,1957,huy2004,Rupert Farm,G. C. Freeman,Lab,383,0,1,2,,1182,,32.40271,,
huy_215,1957huy2005,Lancashire,Huyton,Knowsley,1957,huy2005,St. Bartholomew’s,K. F. Jessop,Con,962,0,1,1,,1472,,65.35326,,
huy_216,1957huy2005,Lancashire,Huyton,Knowsley,1957,huy2005,St. Bartholomew’s,G. Jones,Lab,510,0,1,2,,1472,,34.64674,,
huy_217,1957huy2006,Lancashire,Huyton,Knowsley,1957,huy2006,St. John's,S. Powell,Lab,1443,0,2,1,,5343,,54.0146,,
huy_218,1957huy2006,Lancashire,Huyton,Knowsley,1957,huy2006,St. John's,G. Jones,Con,1342,0,2,2,,5343,,50.23395,,
huy_219,1957huy2006,Lancashire,Huyton,Knowsley,1957,huy2006,St. John's,F. Cook,Lab,1295,0,2,3,,5343,,48.47464,,
huy_220,1957huy2006,Lancashire,Huyton,Knowsley,1957,huy2006,St. John's,G. Jamieson,Con,1263,0,2,4,,5343,,47.27681,,
huy_221,1957huy2007,Lancashire,Huyton,Knowsley,1957,huy2007,St. Michael’s,D. Brown,Lab,1026,0,1,1,,1942,,52.83213,,
huy_222,1957huy2007,Lancashire,Huyton,Knowsley,1957,huy2007,St. Michael’s,P. A. Dorothy,Con,916,0,1,2,,1942,,47.16787,,
huy_223,1957huy2008,Lancashire,Huyton,Knowsley,1957,huy2008,Swanside,E. L. Tutte,Con,895,0,1,1,,1457,,61.42759,,
huy_224,1957huy2008,Lancashire,Huyton,Knowsley,1957,huy2008,Swanside,J. Wallace,Lab,562,0,1,2,,1457,,38.57241,,
huy_225,1957huy2009,Lancashire,Huyton,Knowsley,1957,huy2009,Woolfall,A. McCracken,Lab,809,0,1,1,,890,,90.89888,,
huy_226,1957huy2009,Lancashire,Huyton,Knowsley,1957,huy2009,Woolfall,Mrs D. Small,Con,81,1,1,2,,890,,9.101124,,
huy_227,1958huy2001,Lancashire,Huyton,Knowsley,1958,huy2001,Huyton Farm,A. E. Perry,Lab,Unop,0,1,,,0,,,,
huy_228,1958huy2002,Lancashire,Huyton,Knowsley,1958,huy2002,Longview,J. Maguire,Lab,1012,0,1,1,,2729,,37.08318,,
huy_229,1958huy2002,Lancashire,Huyton,Knowsley,1958,huy2002,Longview,C. Cowan,Lab,957,0,2,2,,2729,,70.13558,,
huy_230,1958huy2002,Lancashire,Huyton,Knowsley,1958,huy2002,Longview,P. E. Moran,Con,401,0,2,3,,2729,,29.38805,,
huy_231,1958huy2002,Lancashire,Huyton,Knowsley,1958,huy2002,Longview,H. K. Walker,Con,359,0,2,4,,2729,,26.31,,
huy_232,1958huy2003,Lancashire,Huyton,Knowsley,1958,huy2003,Princess,W. Connaughton,Lab,Unop,0,2,,,0,,,,
huy_233,1958huy2004,Lancashire,Huyton,Knowsley,1958,huy2004,Rupert Farm,H. Owens,Con,692,0,1,1,,1031,,67.1193,,
huy_234,1958huy2004,Lancashire,Huyton,Knowsley,1958,huy2004,Rupert Farm,G. Freeman,Lab,339,0,1,2,,1031,,32.8807,,
huy_235,1958huy2005,Lancashire,Huyton,Knowsley,1958,huy2005,St. Bartholomew’s,G. Fox,Con,649,0,1,1,,943,,68.82291,,
huy_236,1958huy2005,Lancashire,Huyton,Knowsley,1958,huy2005,St. Bartholomew’s,H. J. Mounsey,Lab,294,0,1,2,,943,,31.17709,,
huy_237,1958huy2006,Lancashire,Huyton,Knowsley,1958,huy2006,St. John's,F. J. Cook,Lab,1183,0,1,1,,2206,,53.62647,,
huy_238,1958huy2006,Lancashire,Huyton,Knowsley,1958,huy2006,St. John's,G. Jones,Con,1023,0,1,2,,2206,,46.37353,,
huy_239,1958huy2007,Lancashire,Huyton,Knowsley,1958,huy2007,St. Michael’s,Mrs E. Pick,Lab,901,1,1,1,,1588,,56.73804,,
huy_240,1958huy2007,Lancashire,Huyton,Knowsley,1958,huy2007,St. Michael’s,G. Fleming,Con,687,0,1,2,,1588,,43.26196,,
huy_241,1958huy2008,Lancashire,Huyton,Knowsley,1958,huy2008,Swanside,R. Arden,Con,746,0,1,1,,1354,,55.09601,,
huy_242,1958huy2008,Lancashire,Huyton,Knowsley,1958,huy2008,Swanside,J. Wallace,Lab,608,0,1,2,,1354,,44.90399,,
huy_243,1958huy2009,Lancashire,Huyton,Knowsley,1958,huy2009,Woolfall,C. Delaney,Lab,Unop,0,1,,,0,,,,
huy_244,1959huy2001,Lancashire,Huyton,Knowsley,1959,huy2001,Huyton Farm,S. Gordon,Lab,636,0,1,1,,907,,70.12128,,
huy_245,1959huy2001,Lancashire,Huyton,Knowsley,1959,huy2001,Huyton Farm,R. S. Davies,Con,271,0,1,2,,907,,29.87872,,
huy_246,1959huy2002,Lancashire,Huyton,Knowsley,1959,huy2002,Longview,P. Longworth,Lab,851,0,1,1,,1287,,66.12276,,
huy_247,1959huy2002,Lancashire,Huyton,Knowsley,1959,huy2002,Longview,P. Moran,Con,436,0,1,2,,1287,,33.87724,,
huy_248,1959huy2003,Lancashire,Huyton,Knowsley,1959,huy2003,Princess,J. D. Dundon,Lab,420,0,1,1,,475,,88.42105,,
huy_249,1959huy2003,Lancashire,Huyton,Knowsley,1959,huy2003,Princess,C. Nunn,Con,55,0,1,2,,475,,11.57895,,
huy_250,1959huy2004,Lancashire,Huyton,Knowsley,1959,huy2004,Rupert Farm,P. A. Dorothy,Con,665,0,1,1,,850,,78.23529,,
huy_251,1959huy2004,Lancashire,Huyton,Knowsley,1959,huy2004,Rupert Farm,Mrs F. J. Houghton,Lab,185,1,1,2,,850,,21.76471,,
huy_252,1959huy2005,Lancashire,Huyton,Knowsley,1959,huy2005,St. Bartholomew’s,G. W. Sealey,Con,957,0,1,1,,1272,,75.23585,,
huy_253,1959huy2005,Lancashire,Huyton,Knowsley,1959,huy2005,St. Bartholomew’s,J. F. Kearney,Kab,315,0,1,2,,1272,,24.76415,,
huy_254,1959huy2006,Lancashire,Huyton,Knowsley,1959,huy2006,St. John's,A. Dunn,Lab,1153,0,1,1,,2778,,41.50468,,
huy_255,1959huy2006,Lancashire,Huyton,Knowsley,1959,huy2006,St. John's,J. R. Biglands,R.A.,889,0,1,2,,2778,,32.00144,,
huy_256,1959huy2006,Lancashire,Huyton,Knowsley,1959,huy2006,St. John's,G. Jones,Con,736,0,1,3,,2778,,26.49388,,
huy_257,1959huy2007,Lancashire,Huyton,Knowsley,1959,huy2007,St. Michael’s,W. Peters,Con,876,0,1,1,,1696,,51.65094,,
huy_258,1959huy2007,Lancashire,Huyton,Knowsley,1959,huy2007,St. Michael’s,Mrs F. P. Herbertson,Lab,820,1,1,2,,1696,,48.34906,,
huy_259,1959huy2008,Lancashire,Huyton,Knowsley,1959,huy2008,Swanside,A. G. Cowie,Con,863,0,1,1,,1386,,62.26551,,
huy_260,1959huy2008,Lancashire,Huyton,Knowsley,1959,huy2008,Swanside,G. C. Freeman,Lab,523,0,1,2,,1386,,37.73449,,
huy_261,1959huy2009,Lancashire,Huyton,Knowsley,1959,huy2009,Woolfall,C. Kelly,Lab,568,0,1,1,,609,,93.26765,,
huy_262,1959huy2009,Lancashire,Huyton,Knowsley,1959,huy2009,Woolfall,S. Rees,Con,41,0,1,2,,609,,6.732348,,
huy_263,1960huy3001,Lancashire,Huyton,Knowsley,1960,huy3001,Huyton Farm,P. McGeehan,Lab,439,0,1,1,,823,,53.34143,,
huy_264,1960huy3001,Lancashire,Huyton,Knowsley,1960,huy3001,Huyton Farm,R. Hobson,Con,384,0,1,2,,823,,46.65857,,
huy_265,1960huy3002,Lancashire,Huyton,Knowsley,1960,huy3002,Longview,C. Cowan,Lab,516,0,1,1,,945,,54.60318,,
huy_266,1960huy3002,Lancashire,Huyton,Knowsley,1960,huy3002,Longview,R. Davies,Con,429,0,1,2,,945,,45.39682,,
huy_267,1960huy3003,Lancashire,Huyton,Knowsley,1960,huy3003,Princess,Mrs D. Connoughton,Lab,425,1,1,1,,503,,84.49304,,
huy_268,1960huy3003,Lancashire,Huyton,Knowsley,1960,huy3003,Princess,J. C. Powell,Con,78,0,1,2,,503,,15.50696,,
huy_269,1960huy3004,Lancashire,Huyton,Knowsley,1960,huy3004,Rupert Farm,H. Swainbank,Con,777,0,1,1,,942,,82.48408,,
huy_270,1960huy3004,Lancashire,Huyton,Knowsley,1960,huy3004,Rupert Farm,G. A. Thomas,Lab,165,0,1,2,,942,,17.51592,,
huy_271,1960huy3005,Lancashire,Huyton,Knowsley,1960,huy3005,St. Agnes,Mrs C. Bradley,Con,623,1,3,1,,3408,,54.84155,,
huy_272,1960huy3005,Lancashire,Huyton,Knowsley,1960,huy3005,St. Agnes,J. R. Biglands,R.A.,604,0,3,2,,3408,,53.16901,,
huy_273,1960huy3005,Lancashire,Huyton,Knowsley,1960,huy3005,St. Agnes,P. Credidio,Con,595,0,3,3,,3408,,52.37676,,
huy_274,1960huy3005,Lancashire,Huyton,Knowsley,1960,huy3005,St. Agnes,C. H. Nunn,Con,569,0,3,4,,3408,,50.08803,,
huy_275,1960huy3005,Lancashire,Huyton,Knowsley,1960,huy3005,St. Agnes,R. G. Heatley,R.A.,449,0,3,5,,3408,,39.52465,,
huy_276,1960huy3005,Lancashire,Huyton,Knowsley,1960,huy3005,St. Agnes,M. Spillane,Lab,203,0,3,6,,3408,,17.86972,,
huy_277,1960huy3005,Lancashire,Huyton,Knowsley,1960,huy3005,St. Agnes,Mrs F. P. Herbertson,Lab,200,1,3,7,,3408,,17.60563,,
huy_278,1960huy3005,Lancashire,Huyton,Knowsley,1960,huy3005,St. Agnes,Mrs F. J. Horton,Lab,165,1,3,8,,3408,,14.52465,,
huy_279,1960huy3006,Lancashire,Huyton,Knowsley,1960,huy3006,St. Bartholomew’s,K. F. Jessop,Con,917,0,1,1,,1087,,84.36063,,
huy_280,1960huy3006,Lancashire,Huyton,Knowsley,1960,huy3006,St. Bartholomew’s,J. F. Kearney,Lab,170,0,1,2,,1087,,15.63937,,
huy_281,1960huy3007,Lancashire,Huyton,Knowsley,1960,huy3007,St. Gabriel's,S. S. Powell,Lab,849,0,1,1,,1389,,61.12311,,
huy_282,1960huy3007,Lancashire,Huyton,Knowsley,1960,huy3007,St. Gabriel's,W. S. Carr,Con,540,0,1,2,,1389,,38.87689,,
huy_283,1960huy3008,Lancashire,Huyton,Knowsley,1960,huy3008,St. Michael’s,H. G. W. Anson,Con,743,0,1,1,,1839,,40.40239,,
huy_284,1960huy3008,Lancashire,Huyton,Knowsley,1960,huy3008,St. Michael’s,D. Brown,Lab,627,0,1,2,,1839,,34.09462,,
huy_285,1960huy3008,Lancashire,Huyton,Knowsley,1960,huy3008,St. Michael’s,A. E. Morgan,R.A.,469,0,1,3,,1839,,25.50299,,
huy_286,1960huy3009,Lancashire,Huyton,Knowsley,1960,huy3009,Swanside,T. B. Brown,Con,850,0,1,1,,1198,,70.95158,,
huy_287,1960huy3009,Lancashire,Huyton,Knowsley,1960,huy3009,Swanside,C. C. Freeman,Lab,348,0,1,2,,1198,,29.04841,,
huy_288,1960huy3010,Lancashire,Huyton,Knowsley,1960,huy3010,Woolfall,A. McCracken,Lab,283,0,2,1,,573,,98.77836,,
huy_289,1960huy3010,Lancashire,Huyton,Knowsley,1960,huy3010,Woolfall,H. J. Mounsey,Lab,244,0,2,2,,573,,85.16579,,
huy_290,1960huy3010,Lancashire,Huyton,Knowsley,1960,huy3010,Woolfall,G. Lyon,Con,46,0,2,3,,573,,16.05585,,
huy_291,1961huy3001,Lancashire,Huyton,Knowsley,1961,huy3001,Huyton Farm,L. Thomas Peach,Lab,556,0,1,1,,1136,,48.94366,,
huy_292,1961huy3001,Lancashire,Huyton,Knowsley,1961,huy3001,Huyton Farm,R. Hobson,Con,456,0,1,2,,1136,,40.14085,,
huy_293,1961huy3001,Lancashire,Huyton,Knowsley,1961,huy3001,Huyton Farm,A. Perry,Ind,124,0,1,3,,1136,,10.91549,,
huy_294,1961huy3002,Lancashire,Huyton,Knowsley,1961,huy3002,Longview,J. Maguire,Lab,759,0,1,1,,1304,,58.20552,,
huy_295,1961huy3002,Lancashire,Huyton,Knowsley,1961,huy3002,Longview,R. S. Davies,Con,545,0,1,2,,1304,,41.79448,,
huy_296,1961huy3003,Lancashire,Huyton,Knowsley,1961,huy3003,Princess,W. Connoughton,Lab,376,0,1,1,,461,,81.56182,,
huy_297,1961huy3003,Lancashire,Huyton,Knowsley,1961,huy3003,Princess,J. O. Lambertsen,Con,85,0,1,2,,461,,18.43818,,
huy_298,1961huy3004,Lancashire,Huyton,Knowsley,1961,huy3004,Rupert Farm,H. Owens,Con,660,0,1,1,,840,,78.57143,,
huy_299,1961huy3004,Lancashire,Huyton,Knowsley,1961,huy3004,Rupert Farm,D. Brown,Lab,180,0,1,2,,840,,21.42857,,
huy_300,1961huy3005,Lancashire,Huyton,Knowsley,1961,huy3005,St. Agnes,P. Credidio,Con,889,0,1,1,,1412,,62.96034,,
huy_301,1961huy3005,Lancashire,Huyton,Knowsley,1961,huy3005,St. Agnes,A. N. Hobin,Lab,306,0,1,2,,1412,,21.67139,,
huy_302,1961huy3005,Lancashire,Huyton,Knowsley,1961,huy3005,St. Agnes,W. H. Rummens,R.A.,217,0,1,3,,1412,,15.36827,,
huy_303,1961huy3006,Lancashire,Huyton,Knowsley,1961,huy3006,St. Bartholomew’s,G. Fox,Con,920,0,1,1,,1153,,79.79185,,
huy_304,1961huy3006,Lancashire,Huyton,Knowsley,1961,huy3006,St. Bartholomew’s,Mrs F. J. Horton,Lab,233,1,1,2,,1153,,20.20815,,
huy_305,1961huy3007,Lancashire,Huyton,Knowsley,1961,huy3007,St. Gabriel's,F. J. Cook,Lab,685,0,1,1,,1158,,59.15371,,
huy_306,1961huy3007,Lancashire,Huyton,Knowsley,1961,huy3007,St. Gabriel's,E. W. Jessop,Con,473,0,1,2,,1158,,40.84629,,
huy_307,1961huy3008,Lancashire,Huyton,Knowsley,1961,huy3008,St. Michael’s,Mrs E. Pick,Lab,875,1,1,1,,1960,,44.64286,,
huy_308,1961huy3008,Lancashire,Huyton,Knowsley,1961,huy3008,St. Michael’s,P. E. Moran,Con,660,0,1,2,,1960,,33.67347,,
huy_309,1961huy3008,Lancashire,Huyton,Knowsley,1961,huy3008,St. Michael’s,A. E. Morgan,R.A.,425,0,1,3,,1960,,21.68367,,
huy_310,1961huy3009,Lancashire,Huyton,Knowsley,1961,huy3009,Swanside,R. Arden,Con,751,0,1,1,,965,,77.82384,,
huy_311,1961huy3009,Lancashire,Huyton,Knowsley,1961,huy3009,Swanside,M. Spillane,Lab,214,0,1,2,,965,,22.17617,,
huy_312,1961huy3010,Lancashire,Huyton,Knowsley,1961,huy3010,Woolfall,H. J. Mounsey,Lab,461,0,2,1,,932,,98.92704,,
huy_313,1961huy3010,Lancashire,Huyton,Knowsley,1961,huy3010,Woolfall,G. Freeman,Lab,363,0,2,2,,932,,77.897,,
huy_314,1961huy3010,Lancashire,Huyton,Knowsley,1961,huy3010,Woolfall,H. G. Hawley,Con,108,0,2,3,,932,,23.17597,,
huy_315,1962huy3001,Lancashire,Huyton,Knowsley,1962,huy3001,Huyton Farm,S. Gordon,Lab,666,0,1,1,,951,,70.03155,,
huy_316,1962huy3001,Lancashire,Huyton,Knowsley,1962,huy3001,Huyton Farm,J. O. Lambertson,Con,285,0,1,2,,951,,29.96845,,
huy_317,1962huy3002,Lancashire,Huyton,Knowsley,1962,huy3002,Longview,P. Longworth,Lab,864,0,1,1,,1266,,68.24644,,
huy_318,1962huy3002,Lancashire,Huyton,Knowsley,1962,huy3002,Longview,H. G. Hawley,Con,402,0,1,2,,1266,,31.75356,,
huy_319,1962huy3003,Lancashire,Huyton,Knowsley,1962,huy3003,Princess,J. D. Dundon,Lab,484,0,1,1,,581,,83.30465,,
huy_320,1962huy3003,Lancashire,Huyton,Knowsley,1962,huy3003,Princess,G. Banks,Con,97,0,1,2,,581,,16.69535,,
huy_321,1962huy3004,Lancashire,Huyton,Knowsley,1962,huy3004,Rupert Farm,E. W. Jessup,Con,654,0,1,1,,1026,,63.74269,,
huy_322,1962huy3004,Lancashire,Huyton,Knowsley,1962,huy3004,Rupert Farm,F. Ashcroft,Lab,372,0,1,2,,1026,,36.25731,,
huy_323,1962huy3005,Lancashire,Huyton,Knowsley,1962,huy3005,St. Agnes,W. Peters,Con,754,0,1,1,,1366,,55.19766,,
huy_324,1962huy3005,Lancashire,Huyton,Knowsley,1962,huy3005,St. Agnes,W. H. Rummens,R.A.,339,0,1,2,,1366,,24.81698,,
huy_325,1962huy3005,Lancashire,Huyton,Knowsley,1962,huy3005,St. Agnes,F. J. Horton,Lab,273,0,1,3,,1366,,19.98536,,
huy_326,1962huy3006,Lancashire,Huyton,Knowsley,1962,huy3006,St. Bartholomew’s,G. W. Sealy,Con,865,0,1,1,,1255,,68.9243,,
huy_327,1962huy3006,Lancashire,Huyton,Knowsley,1962,huy3006,St. Bartholomew’s,G. H. Davies,Lab,390,0,1,2,,1255,,31.0757,,
huy_328,1962huy3007,Lancashire,Huyton,Knowsley,1962,huy3007,St. Gabriel's,A. Dunn,Lab,782,0,1,1,,1202,,65.05824,,
huy_329,1962huy3007,Lancashire,Huyton,Knowsley,1962,huy3007,St. Gabriel's,E. F. Johnson,Con,420,0,1,2,,1202,,34.94176,,
huy_330,1962huy3008,Lancashire,Huyton,Knowsley,1962,huy3008,St. Michael’s,A. N. Hobin,Lab,1014,0,1,1,,2068,,49.03288,,
huy_331,1962huy3008,Lancashire,Huyton,Knowsley,1962,huy3008,St. Michael’s,J. C. Wilkins,Con,712,0,1,2,,2068,,34.4294,,
huy_332,1962huy3008,Lancashire,Huyton,Knowsley,1962,huy3008,St. Michael’s,J. Lovelady,R.A.,342,0,1,3,,2068,,16.53772,,
huy_333,1962huy3009,Lancashire,Huyton,Knowsley,1962,huy3009,Swanside,A. G. Cowie,Con,663,0,1,1,,1041,,63.68876,,
huy_334,1962huy3009,Lancashire,Huyton,Knowsley,1962,huy3009,Swanside,G. Rogers,Lab,378,0,1,2,,1041,,36.31124,,
huy_335,1962huy3010,Lancashire,Huyton,Knowsley,1962,huy3010,Woolfall,C. Delaney,Lab,904,0,1,1,,965,,93.67876,,
huy_336,1962huy3010,Lancashire,Huyton,Knowsley,1962,huy3010,Woolfall,G. Clark,Com,61,0,1,2,,965,,6.321243,,
huy_337,1963huy3001,Lancashire,Huyton,Knowsley,1963,huy3001,Huyton Farm,F. McGeehan,Lab,Unop,0,1,,,0,,,,
huy_338,1963huy3002,Lancashire,Huyton,Knowsley,1963,huy3002,Longview,C. Cowen,Lab,806,0,1,1,4199,1160,27.62563,69.48276,,
huy_339,1963huy3002,Lancashire,Huyton,Knowsley,1963,huy3002,Longview,Mrs F. E. Johnson,Con,354,1,1,2,4199,1160,27.62563,30.51724,,
huy_340,1963huy3003,Lancashire,Huyton,Knowsley,1963,huy3003,Princess,Mrs D. W. Connaughton,Lab,490,1,1,1,3267,565,17.29415,86.72566,,
huy_341,1963huy3003,Lancashire,Huyton,Knowsley,1963,huy3003,Princess,G. Lyon,Con,75,0,1,2,3267,565,17.29415,13.27434,,
huy_342,1963huy3004,Lancashire,Huyton,Knowsley,1963,huy3004,Rupert Farm,H. Swainbank,Con,898,0,2,1,3363,3108,46.20874,57.78636,,
huy_343,1963huy3004,Lancashire,Huyton,Knowsley,1963,huy3004,Rupert Farm,W. R. Fagan,Con,812,0,2,2,3363,3108,46.20874,52.25225,,
huy_344,1963huy3004,Lancashire,Huyton,Knowsley,1963,huy3004,Rupert Farm,F. Ashcroft,Lab,718,0,2,3,3363,3108,46.20874,46.20335,,
huy_345,1963huy3004,Lancashire,Huyton,Knowsley,1963,huy3004,Rupert Farm,S. W. Sent,Lab,680,0,2,4,3363,3108,46.20874,43.75805,,
huy_346,1963huy3005,Lancashire,Huyton,Knowsley,1963,huy3005,St. Agnes,Mrs C. Bradley,Con,Unop,1,1,,,0,,,,
huy_347,1963huy3006,Lancashire,Huyton,Knowsley,1963,huy3006,St. Bartholomew’s,F. Briscoe,Con,859,0,1,1,4487,1252,27.90283,68.61022,,
huy_348,1963huy3006,Lancashire,Huyton,Knowsley,1963,huy3006,St. Bartholomew’s,G. Moore,Lab,393,0,1,2,4487,1252,27.90283,31.38978,,
huy_349,1963huy3007,Lancashire,Huyton,Knowsley,1963,huy3007,St. Gabriel's,S. S. Powell,Lab,938,0,1,1,3746,1092,29.15109,85.89744,,
huy_350,1963huy3007,Lancashire,Huyton,Knowsley,1963,huy3007,St. Gabriel's,S. Ward,Con,154,0,1,2,3746,1092,29.15109,14.10256,,
huy_351,1963huy3008,Lancashire,Huyton,Knowsley,1963,huy3008,St. Michael’s,L. G. Nolan,Lab,1397,0,1,1,4613,2220,48.12486,62.92793,,
huy_352,1963huy3008,Lancashire,Huyton,Knowsley,1963,huy3008,St. Michael’s,R. S. Crawford,Con,823,0,1,2,4613,2220,48.12486,37.07207,,
huy_353,1963huy3009,Lancashire,Huyton,Knowsley,1963,huy3009,Swanside,G. Rodgers,Lab,895,0,1,1,4624,1668,36.07267,53.65707,,
huy_354,1963huy3009,Lancashire,Huyton,Knowsley,1963,huy3009,Swanside,T. B. Brown,Con,773,0,1,2,4624,1668,36.07267,46.34293,,
huy_355,1963huy3010,Lancashire,Huyton,Knowsley,1963,huy3010,Woolfall,G. C. Freeman,Lab,638,0,1,1,4168,729,17.4904,87.51714,,
huy_356,1963huy3010,Lancashire,Huyton,Knowsley,1963,huy3010,Woolfall,T. Thomas,Con,91,0,1,2,4168,729,17.4904,12.48285,,
huy_357,1964huy3001,Lancashire,Huyton,Knowsley,1964,huy3001,Huyton Farm,S. W. Sent,Lab,465,0,1,1,,600,,77.5,,
huy_358,1964huy3001,Lancashire,Huyton,Knowsley,1964,huy3001,Huyton Farm,K. J. Brook,Con,135,0,1,2,,600,,22.5,,
huy_359,1964huy3002,Lancashire,Huyton,Knowsley,1964,huy3002,Longview,J. Maguire,Lab,607,0,1,1,,826,,73.48668,,
huy_360,1964huy3002,Lancashire,Huyton,Knowsley,1964,huy3002,Longview,W. I. Williams,Con,219,0,1,2,,826,,26.51332,,
huy_361,1964huy3003,Lancashire,Huyton,Knowsley,1964,huy3003,Princess,W. Connaughton,Lab,Unop,0,1,,,0,,,,
huy_362,1964huy3004,Lancashire,Huyton,Knowsley,1964,huy3004,Rupert Farm,R. S. Crawford,Con,754,0,2,1,,2779,,54.26412,,
huy_363,1964huy3004,Lancashire,Huyton,Knowsley,1964,huy3004,Rupert Farm,W. R Fagan,Con,736,0,2,2,,2779,,52.96869,,
huy_364,1964huy3004,Lancashire,Huyton,Knowsley,1964,huy3004,Rupert Farm,F. Ashcroft,Lab,654,0,1,3,,2779,,23.53365,,
huy_365,1964huy3004,Lancashire,Huyton,Knowsley,1964,huy3004,Rupert Farm,H. A. Carter,Lab,635,0,1,4,,2779,,22.84995,,
huy_366,1964huy3005,Lancashire,Huyton,Knowsley,1964,huy3005,St. Agnes,E. Barnes,Con,828,0,1,1,,1235,,67.04453,,
huy_367,1964huy3005,Lancashire,Huyton,Knowsley,1964,huy3005,St. Agnes,W. Blood,Lab,407,0,1,2,,1235,,32.95547,,
huy_368,1964huy3006,Lancashire,Huyton,Knowsley,1964,huy3006,St. Bartholomew’s,G. Fox,Con,824,0,1,1,,1297,,63.53123,,
huy_369,1964huy3006,Lancashire,Huyton,Knowsley,1964,huy3006,St. Bartholomew’s,M. Spillane,Lab,473,0,1,2,,1297,,36.46877,,
huy_370,1964huy3007,Lancashire,Huyton,Knowsley,1964,huy3007,St. Gabriel's,F. J. Cook,Lab,585,0,1,1,,782,,74.80818,,
huy_371,1964huy3007,Lancashire,Huyton,Knowsley,1964,huy3007,St. Gabriel's,G. Lever,Con,197,0,1,2,,782,,25.19182,,
huy_372,1964huy3008,Lancashire,Huyton,Knowsley,1964,huy3008,St. Michael’s,L. Peach,Lab,755,0,2,1,,2593,,58.23371,,
huy_373,1964huy3008,Lancashire,Huyton,Knowsley,1964,huy3008,St. Michael’s,G. Moore,Lab,736,0,2,2,,2593,,56.76822,,
huy_374,1964huy3008,Lancashire,Huyton,Knowsley,1964,huy3008,St. Michael’s,W. A. McCulloch,Con,564,0,1,3,,2593,,21.75087,,
huy_375,1964huy3008,Lancashire,Huyton,Knowsley,1964,huy3008,St. Michael’s,A. Vose,Con,538,0,1,4,,2593,,20.74817,,
huy_376,1964huy3009,Lancashire,Huyton,Knowsley,1964,huy3009,Swanside,R. Arden,Con,733,0,1,1,,1461,,50.17112,,
huy_377,1964huy3009,Lancashire,Huyton,Knowsley,1964,huy3009,Swanside,Mrs H. M. Dean,Lab,728,1,1,2,,1461,,49.82888,,
huy_378,1964huy3010,Lancashire,Huyton,Knowsley,1964,huy3010,Woolfall,J. Mounsey,Lab,598,0,1,1,,749,,79.83978,,
huy_379,1964huy3010,Lancashire,Huyton,Knowsley,1964,huy3010,Woolfall,G. Banks,Con,83,0,1,2,,749,,11.08144,,
huy_380,1964huy3010,Lancashire,Huyton,Knowsley,1964,huy3010,Woolfall,G. Sweeney,Comm,68,0,1,3,,749,,9.078772,,
huy_381,1965huy3001,Lancashire,Huyton,Knowsley,1965,huy3001,Huyton Farm,S. Gordon,Lab,Unop,0,1,,,0,,,,
huy_382,1965huy3002,Lancashire,Huyton,Knowsley,1965,huy3002,Longview,P. Longworth,Lab,604,0,1,1,,890,,67.86517,,
huy_383,1965huy3002,Lancashire,Huyton,Knowsley,1965,huy3002,Longview,E. A. Kay,Con,286,0,1,2,,890,,32.13483,,
huy_384,1965huy3003,Lancashire,Huyton,Knowsley,1965,huy3003,Princess,J. D. Dundon,Lab,Unop,0,1,,,0,,,,
huy_385,1965huy3004,Lancashire,Huyton,Knowsley,1965,huy3004,Rupert Farm,E. W. Jessup,Con,872,0,1,1,,1435,,60.76655,,
huy_386,1965huy3004,Lancashire,Huyton,Knowsley,1965,huy3004,Rupert Farm,F. Ashcroft,Lab,563,0,1,2,,1435,,39.23345,,
huy_388,1965huy3005,Lancashire,Huyton,Knowsley,1965,huy3005,St. Agnes,T. Barton Brown,Con,1061,0,2,1,,2717,,78.10085,,
huy_387,1965huy3005,Lancashire,Huyton,Knowsley,1965,huy3005,St. Agnes,W. Peters,Con,1042,0,2,2,,2717,,76.70225,,
huy_389,1965huy3005,Lancashire,Huyton,Knowsley,1965,huy3005,St. Agnes,W. Blood,Lab,336,0,2,3,,2717,,24.73316,,
huy_390,1965huy3005,Lancashire,Huyton,Knowsley,1965,huy3005,St. Agnes,A. Goodwin,Lab,278,0,2,4,,2717,,20.46375,,
huy_391,1965huy3006,Lancashire,Huyton,Knowsley,1965,huy3006,St. Bartholomew’s,W. E. Swain,Con,1092,0,2,1,,2768,,78.90173,,
huy_392,1965huy3006,Lancashire,Huyton,Knowsley,1965,huy3006,St. Bartholomew’s,A. J. Vose,Con,1058,0,2,2,,2768,,76.44508,,
huy_393,1965huy3006,Lancashire,Huyton,Knowsley,1965,huy3006,St. Bartholomew’s,H. A. Carter,Lab,311,0,2,3,,2768,,22.4711,,
huy_394,1965huy3006,Lancashire,Huyton,Knowsley,1965,huy3006,St. Bartholomew’s,C. Foster,Lab,307,0,2,4,,2768,,22.18208,,
huy_395,1965huy3007,Lancashire,Huyton,Knowsley,1965,huy3007,St. Gabriel's,A. Dunn,Lab,522,0,1,1,,768,,67.96875,,
huy_396,1965huy3007,Lancashire,Huyton,Knowsley,1965,huy3007,St. Gabriel's,G. Banks,Con,246,0,1,2,,768,,32.03125,,
huy_397,1965huy3008,Lancashire,Huyton,Knowsley,1965,huy3008,St. Michael’s,J. F. King,Con,873,0,1,1,,1764,,49.4898,,
huy_398,1965huy3008,Lancashire,Huyton,Knowsley,1965,huy3008,St. Michael’s,M. Spillane,Lab,827,0,1,2,,1764,,46.88209,,
huy_399,1965huy3008,Lancashire,Huyton,Knowsley,1965,huy3008,St. Michael’s,J. G. Lowe,Comm,64,0,1,3,,1764,,3.628118,,
huy_400,1965huy3009,Lancashire,Huyton,Knowsley,1965,huy3009,Swanside,A. G. Cowie,Con,1092,0,1,1,,1859,,58.74126,,
huy_401,1965huy3009,Lancashire,Huyton,Knowsley,1965,huy3009,Swanside,A. T. Wright,Lab,767,0,1,2,,1859,,41.25874,,
huy_402,1965huy3010,Lancashire,Huyton,Knowsley,1965,huy3010,Woolfall,C. Delaney,Lab,579,0,1,1,,624,,92.78846,,
huy_403,1965huy3010,Lancashire,Huyton,Knowsley,1965,huy3010,Woolfall,G. Sweeney,Comm,45,0,1,2,,624,,7.211538,,
huy_404,1966huy3001,Lancashire,Huyton,Knowsley,1966,huy3001,Huyton Farm,C. Foster,Lab,473,0,1,1,,680,,69.55882,,
huy_405,1966huy3001,Lancashire,Huyton,Knowsley,1966,huy3001,Huyton Farm,W. S. Carr,Con,207,0,1,2,,680,,30.44118,,
huy_406,1966huy3002,Lancashire,Huyton,Knowsley,1966,huy3002,Longview,C. Cowen,Lab,Unop,0,1,,,0,,,,
huy_407,1966huy3003,Lancashire,Huyton,Knowsley,1966,huy3003,Princess,D. Connaughton,Lab,293,0,2,1,,573,,102.2688,,
huy_408,1966huy3003,Lancashire,Huyton,Knowsley,1966,huy3003,Princess,F. J. Horton,Lab,254,0,2,2,,573,,88.6562,,
huy_409,1966huy3003,Lancashire,Huyton,Knowsley,1966,huy3003,Princess,K. J. Brook,Con,26,0,2,3,,573,,9.075044,,
huy_410,1966huy3004,Lancashire,Huyton,Knowsley,1966,huy3004,Rupert Farm,K. Herriott,Con,645,0,1,1,,1238,,52.10016,,
huy_411,1966huy3004,Lancashire,Huyton,Knowsley,1966,huy3004,Rupert Farm,F. Ashcroft,Lab,593,0,1,2,,1238,,47.89984,,
huy_412,1966huy3005,Lancashire,Huyton,Knowsley,1966,huy3005,St. Agnes,W. Peters,Con,862,0,1,1,,1131,,76.21574,,
huy_413,1966huy3005,Lancashire,Huyton,Knowsley,1966,huy3005,St. Agnes,J. P. O'Brien,Lab,269,0,1,2,,1131,,23.78426,,
huy_414,1966huy3006,Lancashire,Huyton,Knowsley,1966,huy3006,St. Bartholomew’s,W. R. Fagan,Con,689,0,2,1,,1630,,84.53988,,
huy_415,1966huy3006,Lancashire,Huyton,Knowsley,1966,huy3006,St. Bartholomew’s,A. J. Vose,Con,673,0,2,2,,1630,,82.57669,,
huy_416,1966huy3006,Lancashire,Huyton,Knowsley,1966,huy3006,St. Bartholomew’s,H. J. Murray,Lab,268,0,2,3,,1630,,32.88343,,
huy_417,1966huy3007,Lancashire,Huyton,Knowsley,1966,huy3007,St. Gabriel's,S. S. Powell,Lab,694,0,1,1,,915,,75.84699,,
huy_418,1966huy3007,Lancashire,Huyton,Knowsley,1966,huy3007,St. Gabriel's,W. Green,Con,221,0,1,2,,915,,24.15301,,
huy_419,1966huy3008,Lancashire,Huyton,Knowsley,1966,huy3008,St. Michael’s,L. Nolan,Lab,722,0,1,1,,1423,,50.73788,,
huy_420,1966huy3008,Lancashire,Huyton,Knowsley,1966,huy3008,St. Michael’s,W. J. Langford,Con,647,0,1,2,,1423,,45.46732,,
huy_421,1966huy3008,Lancashire,Huyton,Knowsley,1966,huy3008,St. Michael’s,J. G. Lowe,Comm,54,0,1,3,,1423,,3.7948,,
huy_422,1966huy3009,Lancashire,Huyton,Knowsley,1966,huy3009,Swanside,G. Booth,Con,870,0,1,1,,1672,,52.03349,,
huy_423,1966huy3009,Lancashire,Huyton,Knowsley,1966,huy3009,Swanside,G. Rogers,Lab,802,0,1,2,,1672,,47.96651,,
huy_424,1966huy3010,Lancashire,Huyton,Knowsley,1966,huy3010,Woolfall,G. C. Freeman,Lab,290,0,1,1,,336,,86.30952,,
huy_425,1966huy3010,Lancashire,Huyton,Knowsley,1966,huy3010,Woolfall,G. Clarke,Comm,46,0,1,2,,336,,13.69048,,
huy_426,1967huy3001,Lancashire,Huyton,Knowsley,1967,huy3001,Huyton Farm,G. Rodgers,Lab,588,0,2,1,,1886,,62.35419,,
huy_427,1967huy3001,Lancashire,Huyton,Knowsley,1967,huy3001,Huyton Farm,S. W. Sent,Lab,528,0,2,2,,1886,,55.99152,,
huy_428,1967huy3001,Lancashire,Huyton,Knowsley,1967,huy3001,Huyton Farm,D. Armstrong,Con,393,0,2,3,,1886,,41.6755,,
huy_429,1967huy3001,Lancashire,Huyton,Knowsley,1967,huy3001,Huyton Farm,C. Towie,Con,377,0,2,4,,1886,,39.97879,,
huy_430,1967huy3002,Lancashire,Huyton,Knowsley,1967,huy3002,Longview,J. Maguire,Lab,760,0,1,1,,1233,,61.63828,,
huy_431,1967huy3002,Lancashire,Huyton,Knowsley,1967,huy3002,Longview,O. Parr,Con,473,0,1,2,,1233,,38.36172,,
huy_432,1967huy3003,Lancashire,Huyton,Knowsley,1967,huy3003,Princess,F. J. Horton,Lab,270,0,1,1,,341,,79.17889,,
huy_433,1967huy3003,Lancashire,Huyton,Knowsley,1967,huy3003,Princess,K. J. Brooks,Con,71,0,1,2,,341,,20.82111,,
huy_434,1967huy3004,Lancashire,Huyton,Knowsley,1967,huy3004,Rupert Farm,R. S. Crawford,Con,788,0,1,1,,1292,,60.99071,,
huy_435,1967huy3004,Lancashire,Huyton,Knowsley,1967,huy3004,Rupert Farm,F. Ashcroft,Lab,504,0,1,2,,1292,,39.00929,,
huy_436,1967huy3005,Lancashire,Huyton,Knowsley,1967,huy3005,St. Agnes,E. Barnes,Con,872,0,1,1,,1030,,84.66019,,
huy_437,1967huy3005,Lancashire,Huyton,Knowsley,1967,huy3005,St. Agnes,J. J. Veidman,Lab,158,0,1,2,,1030,,15.33981,,
huy_438,1967huy3006,Lancashire,Huyton,Knowsley,1967,huy3006,St. Bartholomew’s,A. J. Scragg,Con,709,0,1,1,,997,,71.11334,,
huy_439,1967huy3006,Lancashire,Huyton,Knowsley,1967,huy3006,St. Bartholomew’s,F. Ashcroft,Lab,288,0,1,2,,997,,28.88666,,
huy_440,1967huy3007,Lancashire,Huyton,Knowsley,1967,huy3007,St. Gabriel's,E. Ward,Ind,793,0,1,1,,1481,,53.5449,,
huy_441,1967huy3007,Lancashire,Huyton,Knowsley,1967,huy3007,St. Gabriel's,F. J. Cook,Lab,501,0,1,2,,1481,,33.8285,,
huy_442,1967huy3007,Lancashire,Huyton,Knowsley,1967,huy3007,St. Gabriel's,Mrs A. A. Brown,Con,187,1,1,3,,1481,,12.6266,,
huy_443,1967huy3008,Lancashire,Huyton,Knowsley,1967,huy3008,St. Michael’s,J. Keight,Lab,935,0,1,1,,1857,,50.35003,,
huy_444,1967huy3008,Lancashire,Huyton,Knowsley,1967,huy3008,St. Michael’s,J. Bamber,Con,922,0,1,2,,1857,,49.64997,,
huy_445,1967huy3009,Lancashire,Huyton,Knowsley,1967,huy3009,Swanside,R. Arden,Con,928,0,1,1,,1317,,70.46317,,
huy_446,1967huy3009,Lancashire,Huyton,Knowsley,1967,huy3009,Swanside,H. A. Carter,Lab,389,0,1,2,,1317,,29.53683,,
huy_447,1967huy3010,Lancashire,Huyton,Knowsley,1967,huy3010,Woolfall,H. J. Mounsey,Lab,426,0,1,1,,518,,82.23938,,
huy_448,1967huy3010,Lancashire,Huyton,Knowsley,1967,huy3010,Woolfall,M. M. Armstrong,Con,92,0,1,2,,518,,17.76062,,
huy_449,1968huy3001,Lancashire,Huyton,Knowsley,1968,huy3001,Huyton Farm,S. W. Sent,Lab,341,0,1,1,,641,,53.19813,,
huy_450,1968huy3001,Lancashire,Huyton,Knowsley,1968,huy3001,Huyton Farm,Mrs. F. E. Johnson,Con,300,1,1,2,,641,,46.80187,,
huy_451,1968huy3002,Lancashire,Huyton,Knowsley,1968,huy3002,Longview,O. M. Parr,Con,365,0,1,1,,758,,48.15303,,
huy_452,1968huy3002,Lancashire,Huyton,Knowsley,1968,huy3002,Longview,P. Longworth,Lab,345,0,1,2,,758,,45.51451,,
huy_453,1968huy3002,Lancashire,Huyton,Knowsley,1968,huy3002,Longview,A. Kelly,Comm,48,0,1,3,,758,,6.332454,,
huy_454,1968huy3003,Lancashire,Huyton,Knowsley,1968,huy3003,Princess,J. D. Dundon,Lab,303,0,1,1,,420,,72.14286,,
huy_455,1968huy3003,Lancashire,Huyton,Knowsley,1968,huy3003,Princess,M. M. Armstrong,Con,83,0,1,2,,420,,19.76191,,
huy_456,1968huy3003,Lancashire,Huyton,Knowsley,1968,huy3003,Princess,R. H. Leyland,Comm,34,0,1,3,,420,,8.095238,,
huy_458,1968huy3004,Lancashire,Huyton,Knowsley,1968,huy3004,Rupert Farm,C. Towie,Con,727,0,2,1,,1745,,83.32378,,
huy_457,1968huy3004,Lancashire,Huyton,Knowsley,1968,huy3004,Rupert Farm,Mrs D. Armstrong,Con,723,1,2,2,,1745,,82.86533,,
huy_459,1968huy3004,Lancashire,Huyton,Knowsley,1968,huy3004,Rupert Farm,F. Ashcroft,Lab,295,0,2,3,,1745,,33.81089,,
huy_460,1968huy3005,Lancashire,Huyton,Knowsley,1968,huy3005,St. Agnes,T. B. Brown,Con,791,0,1,1,,882,,89.68254,,
huy_461,1968huy3005,Lancashire,Huyton,Knowsley,1968,huy3005,St. Agnes,Ms. B. Freeman,Lab,91,1,1,2,,882,,10.31746,,
huy_462,1968huy3006,Lancashire,Huyton,Knowsley,1968,huy3006,St. Bartholomew’s,A. J. Vose,Con,737,0,1,1,,859,,85.79744,,
huy_463,1968huy3006,Lancashire,Huyton,Knowsley,1968,huy3006,St. Bartholomew’s,N. Carpenter,Lab,122,0,1,2,,859,,14.20256,,
huy_464,1968huy3007,Lancashire,Huyton,Knowsley,1968,huy3007,St. Gabriel's,A. Dunn,Lab,273,0,1,1,,695,,39.28057,,
huy_465,1968huy3007,Lancashire,Huyton,Knowsley,1968,huy3007,St. Gabriel's,G. R. N. Jamieson,Ind,257,0,1,2,,695,,36.97842,,
huy_466,1968huy3007,Lancashire,Huyton,Knowsley,1968,huy3007,St. Gabriel's,Mrs A. E. Brown,Con,165,1,1,3,,695,,23.74101,,
huy_467,1968huy3008,Lancashire,Huyton,Knowsley,1968,huy3008,St. Michael’s,R. A. Webster,Con,695,0,1,1,,1083,,64.17359,,
huy_468,1968huy3008,Lancashire,Huyton,Knowsley,1968,huy3008,St. Michael’s,F. Foley,Lab,310,0,1,2,,1083,,28.62419,,
huy_469,1968huy3008,Lancashire,Huyton,Knowsley,1968,huy3008,St. Michael’s,L. T. Peach,Ind,78,0,1,3,,1083,,7.202216,,
huy_470,1968huy3009,Lancashire,Huyton,Knowsley,1968,huy3009,Swanside,A. G. Cowie,Con,926,0,1,1,,1181,,78.40813,,
huy_471,1968huy3009,Lancashire,Huyton,Knowsley,1968,huy3009,Swanside,A. F. Kenny,Lab,255,0,1,2,,1181,,21.59187,,
huy_472,1968huy3010,Lancashire,Huyton,Knowsley,1968,huy3010,Woolfall,C. Delaney,Lab,430,0,1,1,,535,,80.37383,,
huy_473,1968huy3010,Lancashire,Huyton,Knowsley,1968,huy3010,Woolfall,Mrs E. M. Crawford,Con,105,1,1,2,,535,,19.62617,,
huy_474,1969huy3001,Lancashire,Huyton,Knowsley,1969,huy3001,Huyton Farm,M. McKenna,Con,433,0,1,1,,853,,50.76202,,
huy_475,1969huy3001,Lancashire,Huyton,Knowsley,1969,huy3001,Huyton Farm,C. Foster,Lab,400,0,1,2,,853,,46.89332,,
huy_476,1969huy3001,Lancashire,Huyton,Knowsley,1969,huy3001,Huyton Farm,H. Watts,Comm,20,0,1,3,,853,,2.344666,,
huy_477,1969huy3002,Lancashire,Huyton,Knowsley,1969,huy3002,Longview,H. Dyer,Con,482,0,1,1,,972,,49.58848,,
huy_478,1969huy3002,Lancashire,Huyton,Knowsley,1969,huy3002,Longview,C. Cowan,Lab,450,0,1,2,,972,,46.2963,,
huy_479,1969huy3002,Lancashire,Huyton,Knowsley,1969,huy3002,Longview,H. Moss,Comm,40,0,1,3,,972,,4.115226,,
huy_480,1969huy3003,Lancashire,Huyton,Knowsley,1969,huy3003,Princess,Mrs. D. W. Connaughton,Lab,308,1,1,1,,411,,74.93917,,
huy_481,1969huy3003,Lancashire,Huyton,Knowsley,1969,huy3003,Princess,M. Maugham,Con,75,0,1,2,,411,,18.24817,,
huy_482,1969huy3003,Lancashire,Huyton,Knowsley,1969,huy3003,Princess,R. H. Leyland,Comm,28,0,1,3,,411,,6.812652,,
huy_483,1969huy3004,Lancashire,Huyton,Knowsley,1969,huy3004,Rupert Farm,H. Swainbank,Con,977,0,1,1,,1339,,72.9649,,
huy_484,1969huy3004,Lancashire,Huyton,Knowsley,1969,huy3004,Rupert Farm,F. Foley,Lab,362,0,1,2,,1339,,27.0351,,
huy_485,1969huy3005,Lancashire,Huyton,Knowsley,1969,huy3005,St. Agnes,W. Peters,Con,1070,0,1,1,,1250,,85.6,,
huy_486,1969huy3005,Lancashire,Huyton,Knowsley,1969,huy3005,St. Agnes,F. Ashcroft,Lab,180,0,1,2,,1250,,14.4,,
huy_487,1969huy3006,Lancashire,Huyton,Knowsley,1969,huy3006,St. Bartholomew’s,Mrs. F. E. Johnson,Con,942,1,1,1,,1139,,82.70412,,
huy_488,1969huy3006,Lancashire,Huyton,Knowsley,1969,huy3006,St. Bartholomew’s,N. Carpenter,Lab,197,0,1,2,,1139,,17.29587,,
huy_489,1969huy3007,Lancashire,Huyton,Knowsley,1969,huy3007,St. Gabriel's,S. S. Powell,Lab,684,0,1,1,,1151,,59.42659,,
huy_490,1969huy3007,Lancashire,Huyton,Knowsley,1969,huy3007,St. Gabriel's,R. S. Davies,Con,406,0,1,2,,1151,,35.27367,,
huy_491,1969huy3007,Lancashire,Huyton,Knowsley,1969,huy3007,St. Gabriel's,J. Harbourne,Comm,61,0,1,3,,1151,,5.299739,,
huy_492,1969huy3008,Lancashire,Huyton,Knowsley,1969,huy3008,St. Michael’s,B. C. Gaskill,Con,1009,0,1,1,,1926,,52.38837,,
huy_493,1969huy3008,Lancashire,Huyton,Knowsley,1969,huy3008,St. Michael’s,L. G. Nolan,Lab,917,0,1,2,,1926,,47.61163,,
huy_494,1969huy3009,Lancashire,Huyton,Knowsley,1969,huy3009,Swanside,G. Booth,Con,1106,0,1,1,,1409,,78.49538,,
huy_495,1969huy3009,Lancashire,Huyton,Knowsley,1969,huy3009,Swanside,A. Kenny,Lab,303,0,1,2,,1409,,21.50461,,
huy_496,1969huy3010,Lancashire,Huyton,Knowsley,1969,huy3010,Woolfall,S. F. Hughes,Lab,615,0,1,1,,892,,68.94619,,
huy_497,1969huy3010,Lancashire,Huyton,Knowsley,1969,huy3010,Woolfall,Mrs. O. I. Irving,Con,220,1,1,2,,892,,24.66368,,
huy_498,1969huy3010,Lancashire,Huyton,Knowsley,1969,huy3010,Woolfall,Mrs. V. Knowles,Comm,57,1,1,3,,892,,6.390134,,
huy_499,1970huy3001,Lancashire,Huyton,Knowsley,1970,huy3001,Huyton Farm,G. Rodgers,Lab,825,0,1,1,,1164,,70.87629,,
huy_500,1970huy3001,Lancashire,Huyton,Knowsley,1970,huy3001,Huyton Farm,A. R. Keay,Con,339,0,1,2,,1164,,29.12371,,
huy_501,1970huy3002,Lancashire,Huyton,Knowsley,1970,huy3002,Longview,J. Maguire,Lab,790,0,1,1,,1255,,62.94821,,
huy_502,1970huy3002,Lancashire,Huyton,Knowsley,1970,huy3002,Longview,J. McLoughlin,Con,441,0,1,2,,1255,,35.13944,,
huy_503,1970huy3002,Lancashire,Huyton,Knowsley,1970,huy3002,Longview,G. Sweeney,Comm,24,0,1,3,,1255,,1.912351,,
huy_504,1970huy3003,Lancashire,Huyton,Knowsley,1970,huy3003,Princess,Mrs F. J. Horton,Lab,282,1,1,1,,342,,82.45614,,
huy_505,1970huy3003,Lancashire,Huyton,Knowsley,1970,huy3003,Princess,M. M. Armstrong,Con,47,0,1,2,,342,,13.74269,,
huy_506,1970huy3003,Lancashire,Huyton,Knowsley,1970,huy3003,Princess,H. Watts,Comm,13,0,1,3,,342,,3.80117,,
huy_507,1970huy3004,Lancashire,Huyton,Knowsley,1970,huy3004,Rupert Farm,C. Towle,Con,809,0,1,1,,1397,,57.90981,,
huy_508,1970huy3004,Lancashire,Huyton,Knowsley,1970,huy3004,Rupert Farm,F. Foley,Lab,588,0,1,2,,1397,,42.09019,,
huy_509,1970huy3005,Lancashire,Huyton,Knowsley,1970,huy3005,St. Agnes,E. Barnes,Con,867,0,1,1,,1122,,77.27273,,
huy_510,1970huy3005,Lancashire,Huyton,Knowsley,1970,huy3005,St. Agnes,L. G.. Nolan,Lab,255,0,1,2,,1122,,22.72727,,
huy_511,1970huy3006,Lancashire,Huyton,Knowsley,1970,huy3006,St. Bartholomew’s,A. J. Scragg,Con,831,0,1,1,,1094,,75.95978,,
huy_512,1970huy3006,Lancashire,Huyton,Knowsley,1970,huy3006,St. Bartholomew’s,N. Carpenter,Lab,263,0,1,2,,1094,,24.04022,,
huy_513,1970huy3007,Lancashire,Huyton,Knowsley,1970,huy3007,St. Gabriel's,P. Longworth,Lab,1000,0,1,1,,1388,,72.04611,,
huy_514,1970huy3007,Lancashire,Huyton,Knowsley,1970,huy3007,St. Gabriel's,R. C. Lockett,Con,349,0,1,2,,1388,,25.14409,,
huy_515,1970huy3007,Lancashire,Huyton,Knowsley,1970,huy3007,St. Gabriel's,H. Moss,Comm,39,0,1,3,,1388,,2.809798,,
huy_516,1970huy3008,Lancashire,Huyton,Knowsley,1970,huy3008,St. Michael’s,J. Keight,Lab,1262,0,1,1,,2120,,59.5283,,
huy_517,1970huy3008,Lancashire,Huyton,Knowsley,1970,huy3008,St. Michael’s,H. E. Webster,Con,828,0,1,2,,2120,,39.0566,,
huy_518,1970huy3008,Lancashire,Huyton,Knowsley,1970,huy3008,St. Michael’s,R. H. Leyland,Comm,30,0,1,3,,2120,,1.415094,,
huy_519,1970huy3009,Lancashire,Huyton,Knowsley,1970,huy3009,Swanside,R. Arden,Con,859,0,1,1,,1268,,67.74448,,
huy_520,1970huy3009,Lancashire,Huyton,Knowsley,1970,huy3009,Swanside,A. Kenny,Lab,409,0,1,2,,1268,,32.25552,,
huy_521,1970huy3010,Lancashire,Huyton,Knowsley,1970,huy3010,Woolfall,H. J. Mounsey,Lab,704,0,1,1,,831,,84.71721,,
huy_522,1970huy3010,Lancashire,Huyton,Knowsley,1970,huy3010,Woolfall,Mrs. O. I. Irving,Con,107,1,1,2,,831,,12.87605,,
huy_523,1970huy3010,Lancashire,Huyton,Knowsley,1970,huy3010,Woolfall,Mrs. V. Knowles,Comm,20,1,1,3,,831,,2.406739,,
huy_524,1971huy3001,Lancashire,Huyton,Knowsley,1971,huy3001,Huyton Farm,F. Foley,Lab,916,0,1,1,,1134,,80.77602,,
huy_525,1971huy3001,Lancashire,Huyton,Knowsley,1971,huy3001,Huyton Farm,A. Keay,Con,218,0,1,2,,1134,,19.22399,,
huy_526,1971huy3002,Lancashire,Huyton,Knowsley,1971,huy3002,Longview,C. Frederick,Lab,1039,0,1,1,,1234,,84.19773,,
huy_527,1971huy3002,Lancashire,Huyton,Knowsley,1971,huy3002,Longview,R. Gaunt,Con,195,0,1,2,,1234,,15.80227,,
huy_528,1971huy3003,Lancashire,Huyton,Knowsley,1971,huy3003,Princess,L. Nolan,Lab,477,0,1,1,,533,,89.49343,,
huy_529,1971huy3003,Lancashire,Huyton,Knowsley,1971,huy3003,Princess,M. Armstrong,Con,28,0,1,2.5,,533,,5.253284,,
huy_530,1971huy3003,Lancashire,Huyton,Knowsley,1971,huy3003,Princess,H. Moss,Comm,28,0,1,2.5,,533,,5.253284,,
huy_531,1971huy3004,Lancashire,Huyton,Knowsley,1971,huy3004,Rupert Farm,A. Kenny,Lab,1376,0,1,1,,2012,,68.38966,,
huy_532,1971huy3004,Lancashire,Huyton,Knowsley,1971,huy3004,Rupert Farm,Mrs D. Armstrong,Con,636,1,1,2,,2012,,31.61034,,
huy_533,1971huy3005,Lancashire,Huyton,Knowsley,1971,huy3005,St. Agnes,T. Brown,Con,740,0,1,1,,1172,,63.13993,,
huy_534,1971huy3005,Lancashire,Huyton,Knowsley,1971,huy3005,St. Agnes,P. McCarthy,Lab,432,0,1,2,,1172,,36.86007,,
huy_535,1971huy3006,Lancashire,Huyton,Knowsley,1971,huy3006,St. Bartholomew’s,A. Vose,Con,734,0,1,1,,1293,,56.76721,,
huy_536,1971huy3006,Lancashire,Huyton,Knowsley,1971,huy3006,St. Bartholomew’s,J. Veidman,Lab,559,0,1,2,,1293,,43.23279,,
huy_537,1971huy3007,Lancashire,Huyton,Knowsley,1971,huy3007,St. Gabriel's,G. Howarth,Lab,1335,0,1,1,,1523,,87.65594,,
huy_538,1971huy3007,Lancashire,Huyton,Knowsley,1971,huy3007,St. Gabriel's,R. Lockett,Con,149,0,1,2,,1523,,9.783322,,
huy_539,1971huy3007,Lancashire,Huyton,Knowsley,1971,huy3007,St. Gabriel's,R. Leyland,Comm,39,0,1,3,,1523,,2.560735,,
huy_540,1971huy3008,Lancashire,Huyton,Knowsley,1971,huy3008,St. Michael’s,Mrs H. Howarth,Lab,1632,1,1,1,,2235,,73.02013,,
huy_541,1971huy3008,Lancashire,Huyton,Knowsley,1971,huy3008,St. Michael’s,R. Webster,Con,603,0,1,2,,2235,,26.97987,,
huy_542,1971huy3009,Lancashire,Huyton,Knowsley,1971,huy3009,Swanside,A. Cowie,Con,717,0,1,1,,1392,,51.50862,,
huy_543,1971huy3009,Lancashire,Huyton,Knowsley,1971,huy3009,Swanside,J. Graham,Lab,675,0,1,2,,1392,,48.49138,,
huy_544,1971huy3010,Lancashire,Huyton,Knowsley,1971,huy3010,Woolfall,C. Delaney,Lab,1067,0,1,1,,1130,,94.42478,,
huy_545,1971huy3010,Lancashire,Huyton,Knowsley,1971,huy3010,Woolfall,Mrs O. Irving,Con,63,1,1,2,,1130,,5.575221,,
huy_546,1972huy3001,Lancashire,Huyton,Knowsley,1972,huy3001,Huyton Farm,A. Wright,Lab,921,0,1,1,,1030,,89.41747,,
huy_547,1972huy3001,Lancashire,Huyton,Knowsley,1972,huy3001,Huyton Farm,A. Keay,Con,109,0,1,2,,1030,,10.58252,,
huy_548,1972huy3002,Lancashire,Huyton,Knowsley,1972,huy3002,Longview,M. Spillane,Lab,979,0,1,1,,1151,,85.05647,,
huy_549,1972huy3002,Lancashire,Huyton,Knowsley,1972,huy3002,Longview,H. Dyer,Con,172,0,1,2,,1151,,14.94353,,
huy_550,1972huy3003,Lancashire,Huyton,Knowsley,1972,huy3003,Princess,Mrs D. Connaughton,Lab,533,1,1,1,,576,,92.53472,,
huy_551,1972huy3003,Lancashire,Huyton,Knowsley,1972,huy3003,Princess,L. Bottley,Con,27,0,1,2,,576,,4.6875,,
huy_552,1972huy3003,Lancashire,Huyton,Knowsley,1972,huy3003,Princess,H. Moss,Comm,16,0,1,3,,576,,2.777778,,
huy_553,1972huy3004,Lancashire,Huyton,Knowsley,1972,huy3004,Rupert Farm,S. Wells,Lab,1143,0,1,1,,1874,,60.99253,,
huy_554,1972huy3004,Lancashire,Huyton,Knowsley,1972,huy3004,Rupert Farm,R. Lockett,Con,731,0,1,2,,1874,,39.00747,,
huy_555,1972huy3005,Lancashire,Huyton,Knowsley,1972,huy3005,St. Agnes,W. Peters,Con,868,0,1,1,,1329,,65.31226,,
huy_556,1972huy3005,Lancashire,Huyton,Knowsley,1972,huy3005,St. Agnes,Mrs H. Jackson,Lab,461,1,1,2,,1329,,34.68774,,
huy_557,1972huy3006,Lancashire,Huyton,Knowsley,1972,huy3006,St. Bartholomew’s,C. Workman,Lab,857,0,1,1,,1659,,51.65762,,
huy_558,1972huy3006,Lancashire,Huyton,Knowsley,1972,huy3006,St. Bartholomew’s,Mrs F. Johnson,Con,802,1,1,2,,1659,,48.34238,,
huy_559,1972huy3007,Lancashire,Huyton,Knowsley,1972,huy3007,St. Gabriel's,S. Powell,Lab,1347,0,1,1,,1542,,87.35409,,
huy_560,1972huy3007,Lancashire,Huyton,Knowsley,1972,huy3007,St. Gabriel's,Mrs A. Brown,Con,160,1,1,2,,1542,,10.37613,,
huy_561,1972huy3007,Lancashire,Huyton,Knowsley,1972,huy3007,St. Gabriel's,R. Leyland,Comm,35,0,1,3,,1542,,2.269779,,
huy_562,1972huy3008,Lancashire,Huyton,Knowsley,1972,huy3008,St. Michael’s,L. Graham,Lab,1293,0,1,1,,1643,,78.6975,,
huy_563,1972huy3008,Lancashire,Huyton,Knowsley,1972,huy3008,St. Michael’s,R. Webster,Con,350,0,1,2,,1643,,21.3025,,
huy_564,1972huy3009,Lancashire,Huyton,Knowsley,1972,huy3009,Swanside,W. Humphries,Lab,901,0,1,1,,1783,,50.53281,,
huy_565,1972huy3009,Lancashire,Huyton,Knowsley,1972,huy3009,Swanside,G. Booth,Con,882,0,1,2,,1783,,49.46719,,
huy_566,1972huy3010,Lancashire,Huyton,Knowsley,1972,huy3010,Woolfall,S. Hughes,Lab,1006,0,2,1,,2119,,94.95045,,
huy_567,1972huy3010,Lancashire,Huyton,Knowsley,1972,huy3010,Woolfall,P. McCarthy,Lab,979,0,2,2,,2119,,92.40208,,
huy_568,1972huy3010,Lancashire,Huyton,Knowsley,1972,huy3010,Woolfall,Mrs O. Irving,Con,68,1,2,3,,2119,,6.418122,,
huy_569,1972huy3010,Lancashire,Huyton,Knowsley,1972,huy3010,Woolfall,H. Johnson,Con,66,0,2,4,,2119,,6.229353,,
