id,election_id,upper_tier,lower_tier,current_council,year,ward_id,ward_name,candidate,party,vote,female,vacancies,rank,electorate,ballots_cast,turnout,vote_share,source,notes,,,,,,
,,,,,1945,,,,,,,,,,,,,,,,,,,,
,,,,,1946,,,,,,,,,,,,,,,,,,,,
,,,,,1947,,Altcar,No nomination,,,0,,,,,,,Crosby Herald 1947-03-22 p.5,,,,,,,
,,,,,1947,,Aughton,A. C. Roodhouse,Con,,0,,,,,,,Crosby Herald 1947-03-22 p.5,,,,,,,
,,,,,1947,,Aughton,R. Mathieson,Ind?,,0,,,,,,,Crosby Herald 1947-03-22 p.5,,,,,,,
,,,,,1947,,Bickerstaffe,John Stockley,Ind?,,0,,,,,,,Crosby Herald 1947-03-22 p.5,,,,,,,
,,,,,1947,,Halsall,T. J. Higson,,,0,,,,,,,Crosby Herald 1947-03-22 p.5,,,,,,,
,,,,,1947,,Halsall,Henry J. L. Neale,Ind,,0,,,,,,,Crosby Herald 1947-03-22 p.5,,,,,,,
,,,,,1947,,Maghull,A. W. Glenn,Ind?,,0,,,,,,,Crosby Herald 1947-03-22 p.5,,,,,,,
,,,,,1947,,Netherton,E. M. Houghton,,,0,,,,,,,Crosby Herald 1947-03-22 p.5,,,,,,,
,,,,,1947,,Netherton,A. W. Thomas,,,0,,,,,,,Crosby Herald 1947-03-22 p.5,,,,,,,
,,,,,1947,,North Meols,Hugh Cropper,,,0,,,,,,,Crosby Herald 1947-03-22 p.5,,,,,,,
,,,,,1947,,North Meols,John Taylor,,,0,,,,,,,Crosby Herald 1947-03-22 p.5,,,,,,,
,,,,,1947,,Scarisbrick,John Rimmer,,,0,,,,,,,Crosby Herald 1947-03-22 p.5,,,,,,,
,,,,,1947,,Scarisbrick,Walter Harry Searisbrick,,,0,,,,,,,Crosby Herald 1947-03-22 p.5,,,,,,,
,,,,,1947,,Sefton,James A. Birch,,,0,,,,,,,Crosby Herald 1947-03-22 p.5,,,,,,,
,,,,,1947,,Simonswood,R. E. Gregson,,,0,,,,,,,Crosby Herald 1947-03-22 p.5,,,,,,,
,,,,,1947,,Tarleton,The Rev. L. N. Forse,,,0,,,,,,,Crosby Herald 1947-03-22 p.5,,,,,,,
,,,,,1947,,Tarleton,John R. Ashton,,,0,,,,,,,Crosby Herald 1947-03-22 p.5,,,,,,,
,,,,,1948,,,,,,,,,,,,,,,,,,,,
,,,,,1949,,,,,,,,,,,,,,,,,,,,
,,,,,1950,,Aughton,W. E. Rothwell,Con,Unop,0,1,,,,,,Source - Lancashire Evening Post 1950 & Crosby Herald 1950-05-13 p.5,,,,,,,
,,,,,1950,,Bickerstaffe,J. Stockley,Ind,Unop,0,1,,,,,,Source - Lancashire Evening Post 1950 & Crosby Herald 1950-05-13 p.5,,,,,,,
,,,,,1950,,Halsall,James Rimmer,Ind,Unop,0,1,,,,,,Source - Lancashire Evening Post 1950 & Crosby Herald 1950-05-13 p.5,,,,,,,
,,,,,1950,,Maghull,A. W. Glenn,Ind,2255,0,3,,,,,,Source - Lancashire Evening Post 1950 & Crosby Herald 1950-05-13 p.5,,,,,,,
,,,,,1950,,Maghull,W. E. Long,Ind,2181,0,3,,,,,,Source - Lancashire Evening Post 1950 & Crosby Herald 1950-05-13 p.5,,,,,,,
,,,,,1950,,Maghull,Mrs. W. M. Mitchell,Con,2075,1,3,,,,,,Source - Lancashire Evening Post 1950 & Crosby Herald 1950-05-13 p.5,,,,,,,
,,,,,1950,,Maghull,J. C. Rimmer,Com,100,0,3,,,,,,Source - Lancashire Evening Post 1950 & Crosby Herald 1950-05-13 p.5,,,,,,,
,,,,,1950,,Netherton,E. M. Houghton,Ind,787,0,1,,,,,,Source - Lancashire Evening Post 1950 & Crosby Herald 1950-05-13 p.5,,,,,,,
,,,,,1950,,Netherton,R. M. Lyons,Lab,369,0,1,,,,,,Source - Lancashire Evening Post 1950 & Crosby Herald 1950-05-13 p.5,,,,,,,
,,,,,1950,,North Meols,J. Taylor,Ind,Unop,0,1,,,,,,Source - Lancashire Evening Post 1950 & Crosby Herald 1950-05-13 p.5,,,,,,,
,,,,,1950,,Scarisbrick,G. Ainscough,Ind,Unop,0,1,,,,,,Source - Lancashire Evening Post 1950 & Crosby Herald 1950-05-13 p.5,,,,,,,
,,,,,1950,,Sefton,J. A. Birch,Ind,Unop,0,1,,,,,,Source - Lancashire Evening Post 1950 & Crosby Herald 1950-05-13 p.5,,,,,,,
,,,,,1950,,Simonswood,R. E. Gregson,Ind,Unop,0,1,,,,,,Source - Lancashire Evening Post 1950 & Crosby Herald 1950-05-13 p.5,,,,,,,
,,,,,1950,,Tarleton,The Rev. L. N. Forse,Ind,Unop,0,1,,,,,,Source - Lancashire Evening Post 1950 & Crosby Herald 1950-05-13 p.5,,,,,,,
,,,,,1950,,Thornton,R. Phillips,Con,467,0,1,,,,,,Source - Lancashire Evening Post 1950 & Crosby Herald 1950-05-13 p.5,,,,,,,
,,,,,1950,,Thornton,W. Foxley,Ind,240,0,1,,,,,,Source - Lancashire Evening Post 1950 & Crosby Herald 1950-05-13 p.5,,,,,,,
,,,,,1951,,Aintree,R. Martland,Con,735,0,1,,,,,,Source - Lancashire Evening Post 1951-05-08 p5,,,,,,,
,,,,,1951,,Aintree,A. Tasker,Ind C,225,0,1,,,,,,Source - Lancashire Evening Post 1951-05-08 p5,,,,,,,
,,,,,1951,,Aintree,B. J. Moss,Ind C,88,0,1,,,,,,Source - Lancashire Evening Post 1951-05-08 p5,,,,,,,
,,,,,1951,,Aughton,John Leigh,Con,1134,0,1,,,,,,Source - Lancashire Evening Post 1951-05-08 p5,,,,,,,
,,,,,1951,,Aughton,A. H. Thomas,Lab,294,0,1,,,,,,Source - Lancashire Evening Post 1951-05-08 p5,,,,,,,
,,,,,1951,,Maghull,Mrs. B. E. Long,Ind,1757,1,2,,,,,,Source - Lancashire Evening Post 1951-05-08 p5,,,,,,,
,,,,,1951,,Maghull,H. S. Moreton,Ind,1652,0,2,,,,,,Source - Lancashire Evening Post 1951-05-08 p5,,,,,,,
,,,,,1951,,Maghull,J. C. Rimmer,Com,77,0,2,,,,,,Source - Lancashire Evening Post 1951-05-08 p5,,,,,,,
,,,,,1951,,North Meols,Miss Edna Rushton,Ind,404,1,1,,,,,,Source - Lancashire Evening Post 1951-05-08 p5,,,,,,,
,,,,,1951,,North Meols,John Sharrock,Ind,297,0,1,,,,,,Source - Lancashire Evening Post 1951-05-08 p5,,,,,,,
,,,,,1952,,Aughton,G. H. McElroy,Con,1091,0,1,,,,,,Source - Lancashire Evening Post 1952-05-05 p5,,,,,,,
,,,,,1952,,Aughton,A. H. Thomas,Lab,403,0,1,,,,,,Source - Lancashire Evening Post 1952-05-05 p5,,,,,,,
,,,,,1952,,Hesketh with Becconsall,E. E. Iddon,Ind,453,0,1,,,,,,Source - Lancashire Evening Post 1952-05-05 p5,,,,,,,
,,,,,1952,,Hesketh with Becconsall,W. Baxter,Lab,141,0,1,,,,,,Source - Lancashire Evening Post 1952-05-05 p5,,,,,,,
,,,,,1952,,Melling,T. Sergeant,Ind,359,0,1,,,,,,Source - Lancashire Evening Post 1952-05-05 p5,,,,,,,
,,,,,1952,,Melling,S. W. Woods,Ind,185,0,1,,,,,,Source - Lancashire Evening Post 1952-05-05 p5,,,,,,,
,,,,,1952,,Melling,A. J. Mason,Ind,142,0,1,,,,,,Source - Lancashire Evening Post 1952-05-05 p5,,,,,,,
,,,,,1953,,,,,,,,,,,,,,,,,,,,
,,,,,1954,,Aintree,R. Martland,Con,988,0,1,,,,,,Source - Lancashire Evening Post 1954-05-11 p1,,,,,,,
,,,,,1954,,Aintree,N. G. Cleary,Lab,333,0,1,,,,,,Source - Lancashire Evening Post 1954-05-11 p1,,,,,,,
,,,,,1954,,Halsall,J. P. Cropper,Con,485,0,1,,,,,,Source - Lancashire Evening Post 1954-05-11 p1,,,,,,,
,,,,,1954,,Halsall,A. P. Trower,Ind,384,0,1,,,,,,Source - Lancashire Evening Post 1954-05-11 p1,,,,,,,
,,,,,1955,,,,,,,,,,,,,,,,,,,,
,,,,,1956,,,,,,,,,,,,,,,,,,,,
,,,,,1957,,Aintree,E. M. Hughes,RPA,859,0,1,,,,,,Source: Liverpool Daily Post 1957-05-07 p.5,,,,,,,
,,,,,1957,,Aintree,C. R. Bleasdale,C,584,0,1,,,,,,Source: Liverpool Daily Post 1957-05-07 p.5,,,,,,,
,,,,,1957,,Aintree,G. McCartney,Soc,155,0,1,,,,,,Source: Liverpool Daily Post 1957-05-07 p.5,,,,,,,
,,,,,1957,,Aughton,Mrs. E. Parry,Con,Unop,1,1,,,,,,Source: Liverpool Daily Post 1957-05-07 p.5,,,,,,,
,,,,,1957,,Bickerstaffe,Jas. Heyes,,Unop,0,1,,,,,,Source: Liverpool Daily Post 1957-05-07 p.5,,,,,,,
,,,,,1957,,Bispham,E. A. Nelson,,Unop,0,1,,,,,,Source: Liverpool Daily Post 1957-05-07 p.5,,,,,,,
,,,,,1957,,Halsall,J. P. Cropper,,Unop,0,1,,,,,,Source: Liverpool Daily Post 1957-05-07 p.5,,,,,,,
,,,,,1957,,Lydiate,E. O. Thomas,Ind,652,0,1,,,,,,Source: Liverpool Daily Post 1957-05-07 p.5,,,,,,,
,,,,,1957,,Lydiate,A. Hardisty,Soc,243,0,1,,,,,,Source: Liverpool Daily Post 1957-05-07 p.5,,,,,,,
,,,,,1957,,Maghull,Mrs B. E. Long,Ind,Unop,1,2,,,,,,Source: Liverpool Daily Post 1957-05-07 p.5,,,,,,,
,,,,,1957,,Maghull,H. S. Moreton,Ind,Unop,0,2,,,,,,Source: Liverpool Daily Post 1957-05-07 p.5,,,,,,,
,,,,,1957,,North Meols,Miss E. Rushton,,Unop,1,1,,,,,,Source: Liverpool Daily Post 1957-05-07 p.5,,,,,,,
,,,,,1957,,Scarisbrick,Jas. Sephton,,Unop,0,1,,,,,,Source: Liverpool Daily Post 1957-05-07 p.5,,,,,,,
,,,,,1957,,Sefton,J. H. Ellison,,Unop,0,1,,,,,,Source: Liverpool Daily Post 1957-05-07 p.5,,,,,,,
,,,,,1957,,Tarleton,J. Hunter,,Unop,0,1,,,,,,Source: Liverpool Daily Post 1957-05-07 p.5,,,,,,,
,,,,,1958,,Aintree,N. Highet,RPA,980,0,1,,,,,,Source: Liverpool Daily Post 1958-05-06 p7,,,,,,,
,,,,,1958,,Aintree,Dr J. Mansour,Con,787,0,1,,,,,,Source: Liverpool Daily Post 1958-05-06 p7,,,,,,,
,,,,,1958,,Downholland,R. Woods,Con,262,0,1,,,,,,Source: Liverpool Daily Post 1958-05-06 p7,,,,,,,
,,,,,1958,,Downholland,F. Brooke,Ind,100,0,1,,,,,,Source: Liverpool Daily Post 1958-05-06 p7,,,,,,,
,,,,,1958,,Downholland,G. J. Fazackerley,Ind,90,0,1,,,,,,Source: Liverpool Daily Post 1958-05-06 p7,,,,,,,
,,,,,1958,,Hesketh with Becconsall,W. Cook???,Ind,Unop,0,1,,,,,,Source: Liverpool Daily Post 1958-05-06 p7,,,,,,,
,,,,,1958,,Ince Blundell,C. F. Kahl?,Ind,Unop,0,1,,,,,,Source: Liverpool Daily Post 1958-05-06 p7,,,,,,,
,,,,,1958,,Maghull East,A. W. Glenn,Ind,Unop,0,3,,,,,,Source: Liverpool Daily Post 1958-05-06 p7,,,,,,,
,,,,,1958,,Maghull East,Mrs. B. E. Long,Ind,Unop,1,3,,,,,,Source: Liverpool Daily Post 1958-05-06 p7,,,,,,,
,,,,,1958,,Maghull East,Mrs. W. M. Mitchell,Con,Unop,1,3,,,,,,Source: Liverpool Daily Post 1958-05-06 p7,,,,,,,
,,,,,1958,,Maghull South,S. H. Hudson,Con,625,0,3,,,,,,Source: Liverpool Daily Post 1958-05-06 p7,,,,,,,
,,,,,1958,,Maghull South,H. Stafford Moreton,Ind,624,0,3,,,,,,Source: Liverpool Daily Post 1958-05-06 p7,,,,,,,
,,,,,1958,,Maghull South,W. A. Brown,Con,619,0,3,,,,,,Source: Liverpool Daily Post 1958-05-06 p7,,,,,,,
,,,,,1958,,Maghull South,Mrs. E. Bibby,Ind,190,1,3,,,,,,Source: Liverpool Daily Post 1958-05-06 p7,,,,,,,
,,,,,1958,,Maghull South,H. J. Bibby,Ind,183,0,3,,,,,,Source: Liverpool Daily Post 1958-05-06 p7,,,,,,,
,,,,,1958,,Maghull West,J. R. Broadbent,Con,Unop,0,3,,,,,,Source: Liverpool Daily Post 1958-05-06 p7,,,,,,,
,,,,,1958,,Maghull West,W. E. Long,Con,Unop,0,3,,,,,,Source: Liverpool Daily Post 1958-05-06 p7,,,,,,,
,,,,,1958,,Maghull West,L. H. Russell,Con,Unop,0,3,,,,,,Source: Liverpool Daily Post 1958-05-06 p7,,,,,,,
,,,,,1958,,Melling,T. Sergeant,Ind C,Unop,0,1,,,,,,Source: Liverpool Daily Post 1958-05-06 p7,,,,,,,
,,,,,1958,,Rufford,Mrs. V. A. Haigh(?),Ind,Unop,1,1,,,,,,Source: Liverpool Daily Post 1958-05-06 p7,,,,,,,
,,,,,1959,,Altcar,S. Ashcroft,Con,231,0,1,,857,,,,Source: Liverpool Daily Post 1959-05-05 p7,,,,,,,
,,,,,1959,,Altcar,W. H. Storey,Ind,328,0,1,,857,,,,Source: Liverpool Daily Post 1959-05-05 p7,,,,,,,
,,,,,1959,,Aughton,G. H. McElroy,Con,Unop,0,3,,,,,,Source: Liverpool Daily Post 1959-05-05 p7,,,,,,,
,,,,,1959,,Aughton,Mrs. E. Parry,Con,Unop,1,3,,,,,,Source: Liverpool Daily Post 1959-05-05 p7,,,,,,,
,,,,,1959,,Aughton,W. E. Rothwell,Con,Unop,0,3,,,,,,Source: Liverpool Daily Post 1959-05-05 p7,,,,,,,
,,,,,1959,,Bickerstaffe,J. Heyes,Con,Unop,0,2,,,,,,Source: Liverpool Daily Post 1959-05-05 p7,,,,,,,
,,,,,1959,,Bickerstaffe,J. Stockley,Con,Unop,0,2,,,,,,Source: Liverpool Daily Post 1959-05-05 p7,,,,,,,
,,,,,1959,,Halsall,J. P. Cropper,Con,Unop,0,2,,,,,,Source: Liverpool Daily Post 1959-05-05 p7,,,,,,,
,,,,,1959,,Halsall,A. P. Trower,Ind,Unop,0,2,,,,,,Source: Liverpool Daily Post 1959-05-05 p7,,,,,,,
,,,,,1959,,Netherton,E. M. Houghton,Ind,Unop,0,1,,,,,,Source: Liverpool Daily Post 1959-05-05 p7,,,,,,,
,,,,,1959,,Scarisbrick,G. Ainscough,Ind,Unop,0,2,,,,,,Source: Liverpool Daily Post 1959-05-05 p7,,,,,,,
,,,,,1959,,Scarisbrick,J. Sephton,Con,Unop,0,2,,,,,,Source: Liverpool Daily Post 1959-05-05 p7,,,,,,,
,,,,,1959,,Sefton,J. H. Ellison,Con,Unop,0,2,,,,,,Source: Liverpool Daily Post 1959-05-05 p7,,,,,,,
,,,,,1959,,Sefton,W. Stubbs,Con,Unop,0,2,,,,,,Source: Liverpool Daily Post 1959-05-05 p7,,,,,,,
,,,,,1960,,Aintree,A. Davenhill,Con,768,0,4,,,,,,Source: Liverpool Daily Post 1960-05-10 p.7,,,,,,,
,,,,,1960,,Aintree,R. Martland,Con,721,0,4,,,,,,Source: Liverpool Daily Post 1960-05-10 p.7,,,,,,,
,,,,,1960,,Aintree,T. R. Lewis,Con,658,0,4,,,,,,Source: Liverpool Daily Post 1960-05-10 p.7,,,,,,,
,,,,,1960,,Aintree,N. Highet,RPA,657,0,4,,,,,,Source: Liverpool Daily Post 1960-05-10 p.7,,,,,,,
,,,,,1960,,Aintree,E.M.Highes,RPA,650,0,4,,,,,,Source: Liverpool Daily Post 1960-05-10 p.7,,,,,,,
,,,,,1960,,Aintree,A. Tasker,Con,647,0,4,,,,,,Source: Liverpool Daily Post 1960-05-10 p.7,,,,,,,
,,,,,1960,,Aintree,K. P. Hayden,RPA,581,0,4,,,,,,Source: Liverpool Daily Post 1960-05-10 p.7,,,,,,,
,,,,,1960,,Bispham,D. Pritchard,Ind,Unop,0,1,,,,,,Source: Liverpool Daily Post 1960-05-10 p.7,,,,,,,
,,,,,1960,,Lydiate,Miss M. J. Barnes,Ind,Unop,1,3,,,,,,Source: Liverpool Daily Post 1960-05-10 p.7,,,,,,,
,,,,,1960,,Lydiate,E. O. Thomas,Ind,Unop,0,3,,,,,,Source: Liverpool Daily Post 1960-05-10 p.7,,,,,,,
,,,,,1960,,Lydiate,J. R. Harrison,Con,Unop,0,3,,,,,,Source: Liverpool Daily Post 1960-05-10 p.7,,,,,,,
,,,,,1960,,North Meols,J. Schwartman,Ind,463,0,2,,,,,,Source: Liverpool Daily Post 1960-05-10 p.7,,,,,,,
,,,,,1960,,North Meols,Miss. E. Rushton,Ind,346,1,2,,,,,,Source: Liverpool Daily Post 1960-05-10 p.7,,,,,,,
,,,,,1960,,North Meols,J. Taylor,Ind,248,0,2,,,,,,Source: Liverpool Daily Post 1960-05-10 p.7,,,,,,,
,,,,,1960,,North Meols,T. Ball,Ind,105,0,2,,,,,,Source: Liverpool Daily Post 1960-05-10 p.7,,,,,,,
,,,,,1960,,North Meols,R. Jenkins,Ind,53,0,2,,,,,,Source: Liverpool Daily Post 1960-05-10 p.7,,,,,,,
,,,,,1960,,Simonswood,R. E. Gregson,Ind,Unop,0,1,,,,,,Source: Liverpool Daily Post 1960-05-10 p.7,,,,,,,
,,,,,1960,,Tarleton,J. Hunter,Ind,509,0,2,,,,,,Source: Liverpool Daily Post 1960-05-10 p.7,,,,,,,
,,,,,1960,,Tarleton,P. Rimmer,Ind,346,0,2,,,,,,Source: Liverpool Daily Post 1960-05-10 p.7,,,,,,,
,,,,,1960,,Tarleton,R. Farrington,Ind,330,0,2,,,,,,Source: Liverpool Daily Post 1960-05-10 p.7,,,,,,,
,,,,,1960,,Thornton,E. Letter,Ind,Unop,0,2,,,,,,Source: Liverpool Daily Post 1960-05-10 p.7,,,,,,,
,,,,,1960,,Thornton,R. Phillips,Con,Unop,0,2,,,,,,Source: Liverpool Daily Post 1960-05-10 p.7,,,,,,,
,,,,,1961,,,,,,,,,,,,,,,,,,,,
,,,,,1962,,,,,,,,,,,,,,,,,,,,
,,,,,1963,,Aintree,N. Highet,RPA,1180,0,4,,,,,,Source: Liverpool Daily Post 1963-05-07 p.7,,,,,,,
,,,,,1963,,Aintree,R. Martland,Con,1151,0,4,,,,,,Source: Liverpool Daily Post 1963-05-07 p.7,,,,,,,
,,,,,1963,,Aintree,T. R. Lewis,Con,1063,0,4,,,,,,Source: Liverpool Daily Post 1963-05-07 p.7,,,,,,,
,,,,,1963,,Aintree,F. T. Goudie,RPA,1034,0,4,,,,,,Source: Liverpool Daily Post 1963-05-07 p.7,,,,,,,
,,,,,1963,,Aintree,A. Tasker,Con,872,0,4,,,,,,Source: Liverpool Daily Post 1963-05-07 p.7,,,,,,,
,,,,,1963,,Aintree,Dr. J. Mansour,Con,779,0,4,,,,,,Source: Liverpool Daily Post 1963-05-07 p.7,,,,,,,
,,,,,1963,,Bispham,J. J. Dickinson,Ind,Unop,0,1,,,,,,Source: Liverpool Daily Post 1963-05-07 p.7,,,,,,,
,,,,,1963,,Lydiate,Miss M. J. Barnes,Ind,1148,1,3,,,,,,Source: Liverpool Daily Post 1963-05-07 p.7,,,,,,,
,,,,,1963,,Lydiate,J. R. Harrison,Con,847,0,3,,,,,,Source: Liverpool Daily Post 1963-05-07 p.7,,,,,,,
,,,,,1963,,Lydiate,E. O. Thomas,Ind,860,0,3,,,,,,Source: Liverpool Daily Post 1963-05-07 p.7,,,,,,,
,,,,,1963,,Lydiate,J. F. Ward,Ind,440,0,3,,,,,,Source: Liverpool Daily Post 1963-05-07 p.7,,,,,,,
,,,,,1963,,North Meols,H. Cropper,Ind,Unop,0,2,,,,,,Source: Liverpool Daily Post 1963-05-07 p.7,,,,,,,
,,,,,1963,,North Meols,J. Schwartaman,Ind,Unop,0,2,,,,,,Source: Liverpool Daily Post 1963-05-07 p.7,,,,,,,
,,,,,1963,,Simonswood,R. E. Gregson,Ind,Unop,0,1,,,,,,Source: Liverpool Daily Post 1963-05-07 p.7,,,,,,,
,,,,,1963,,Tarleton,J. Hunter,Ind,577,0,2,,,,,,Source: Liverpool Daily Post 1963-05-07 p.7,,,,,,,
,,,,,1963,,Tarleton,J. Pass,Ind,166,0,2,,,,,,Source: Liverpool Daily Post 1963-05-07 p.7,,,,,,,
,,,,,1963,,Tarleton,P. Rimmer,Ind,558,0,2,,,,,,Source: Liverpool Daily Post 1963-05-07 p.7,,,,,,,
,,,,,1963,,Thornton,E. Letter,Ind,Unop,0,2,,,,,,Source: Liverpool Daily Post 1963-05-07 p.7,,,,,,,
,,,,,1963,,Thornton,R. Phillips,Con,Unop,0,2,,,,,,Source: Liverpool Daily Post 1963-05-07 p.7,,,,,,,
,,,,,1964,,Aintree,S. N. Wappett,RPA,563,0,1,,,,,,Source: Liverpool Daily Post 1964-05-05 p.7,,,,,,,
,,,,,1964,,Aintree,G. W. Hornby,Con,791,0,1,,,,,,Source: Liverpool Daily Post 1964-05-05 p.7,,,,,,,
,,,,,1964,,Aintree,L. S. Foxcroft,Ind,343,0,1,,,,,,Source: Liverpool Daily Post 1964-05-05 p.7,,,,,,,
,,,,,1964,,Aughton,R. C. Andrews,Con,Unop,0,1,,,,,,Source: Liverpool Daily Post 1964-05-05 p.7,,,,,,,
,,,,,1964,,Downholland,R. Woods,Ind,137,0,1,,,,,,Source: Liverpool Daily Post 1964-05-05 p.7,,,,,,,
,,,,,1964,,Downholland,G. ?. Fazackerley,Ind,275,0,1,,,,,,Source: Liverpool Daily Post 1964-05-05 p.7,,,,,,,
,,,,,1964,,Hesketh Bank,W. Cookson,Con,Unop,0,1,,,,,,Source: Liverpool Daily Post 1964-05-05 p.7,,,,,,,
,,,,,1964,,Ince Blundell,F. C. Sturmer,Ind,Unop,0,1,,,,,,Source: Liverpool Daily Post 1964-05-05 p.7,,,,,,,
,,,,,1964,,Maghull East,A. W. Glenn,Ind,585,0,3,,,,,,Source: Liverpool Daily Post 1964-05-05 p.7,,,,,,,
,,,,,1964,,Maghull East,Mrs. W. M. Mitchell,Ind,584,1,3,,,,,,Source: Liverpool Daily Post 1964-05-05 p.7,,,,,,,
,,,,,1964,,Maghull East,Mrs. B. E. Long,Ind,553,1,3,,,,,,Source: Liverpool Daily Post 1964-05-05 p.7,,,,,,,
,,,,,1964,,Maghull East,C. W. Woodside,Lab,241,0,3,,,,,,Source: Liverpool Daily Post 1964-05-05 p.7,,,,,,,
,,,,,1964,,Maghull North,C. J. Currall,Con,432,0,3,,,,,,Source: Liverpool Daily Post 1964-05-05 p.7,,,,,,,
,,,,,1964,,Maghull North,W. W. Kenney,Con,403,0,3,,,,,,Source: Liverpool Daily Post 1964-05-05 p.7,,,,,,,
,,,,,1964,,Maghull North,D. E. Atkins,RPA,379,0,3,,,,,,Source: Liverpool Daily Post 1964-05-05 p.7,,,,,,,
,,,,,1964,,Maghull North,E. M. Hughes,Lab,377,0,3,,,,,,Source: Liverpool Daily Post 1964-05-05 p.7,,,,,,,
,,,,,1964,,Maghull North,Mrs. E. Clarkson,Con,344,1,3,,,,,,Source: Liverpool Daily Post 1964-05-05 p.7,,,,,,,
,,,,,1964,,Maghull North,B. M. G. Mellor,Lab,244,0,3,,,,,,Source: Liverpool Daily Post 1964-05-05 p.7,,,,,,,
,,,,,1964,,Maghull North,J. Boyle,Ind,238,0,3,,,,,,Source: Liverpool Daily Post 1964-05-05 p.7,,,,,,,
,,,,,1964,,Maghull North,H. D. Dormer,Ind,49,0,3,,,,,,Source: Liverpool Daily Post 1964-05-05 p.7,,,,,,,
,,,,,1964,,Maghull South,H. Stafford Moreton,Ind,436,0,3,,,,,,Source: Liverpool Daily Post 1964-05-05 p.7,,,,,,,
,,,,,1964,,Maghull South,W. A. Brown,Ind,407,0,3,,,,,,Source: Liverpool Daily Post 1964-05-05 p.7,,,,,,,
,,,,,1964,,Maghull South,H. M D Havens,Ind,318,0,3,,,,,,Source: Liverpool Daily Post 1964-05-05 p.7,,,,,,,
,,,,,1964,,Maghull South,H. J Currie,Lab,190,0,3,,,,,,Source: Liverpool Daily Post 1964-05-05 p.7,,,,,,,
,,,,,1964,,Maghull West,W. E. Long,Ind,479,0,3,,,,,,Source: Liverpool Daily Post 1964-05-05 p.7,,,,,,,
,,,,,1964,,Maghull West,J. R. Broadbent,Ind,427,0,3,,,,,,Source: Liverpool Daily Post 1964-05-05 p.7,,,,,,,
,,,,,1964,,Maghull West,J. G. Smith,Ind,407,0,3,,,,,,Source: Liverpool Daily Post 1964-05-05 p.7,,,,,,,
,,,,,1964,,Maghull West,G. Lees,Lab,225,0,3,,,,,,Source: Liverpool Daily Post 1964-05-05 p.7,,,,,,,
,,,,,1964,,Melling,J. F. L. Weaver,Ind,228,0,2,,,,,,Source: Liverpool Daily Post 1964-05-05 p.7,,,,,,,
,,,,,1964,,Melling,S. W. Woods,Ind,371,0,2,,,,,,Source: Liverpool Daily Post 1964-05-05 p.7,,,,,,,
,,,,,1964,,Melling,H. Sergeant,Ind,353,0,2,,,,,,Source: Liverpool Daily Post 1964-05-05 p.7,,,,,,,
,,,,,1964,,Melling,J. A. Mason,Ind,266,0,2,,,,,,Source: Liverpool Daily Post 1964-05-05 p.7,,,,,,,
,,,,,1964,,Rufford,Mrs. V. Haigh,Ind,Unop,1,1,,,,,,Source: Liverpool Daily Post 1964-05-05 p.7,,,,,,,
,,,,,1965,,Aughton,R. C. Andrews,Ind,698,0,4,,,,,,Source: Liverpool Daily Post 1965-05-11 p.9,,,,,,,
,,,,,1965,,Altcar,W. H. Storey,Ind,Unop,0,1,,,,,,Source: Liverpool Daily Post 1965-05-11 p.9,,,,,,,
,,,,,1965,,Aughton,W. E. Rothwell,Con,996,0,4,,,,,,Source: Liverpool Daily Post 1965-05-11 p.9,,,,,,,
,,,,,1965,,Aughton,G. H. McElroy,Con,975,0,4,,,,,,Source: Liverpool Daily Post 1965-05-11 p.9,,,,,,,
,,,,,1965,,Aughton,J. K. Phillips,Con,942,0,4,,,,,,Source: Liverpool Daily Post 1965-05-11 p.9,,,,,,,
,,,,,1965,,Aughton,Mrs. E. Parry,Con,909,1,4,,,,,,Source: Liverpool Daily Post 1965-05-11 p.9,,,,,,,
,,,,,1965,,Bickerstaffe,J. Heyes,Ind,Unop,0,2,,,,,,Source: Liverpool Daily Post 1965-05-11 p.9,,,,,,,
,,,,,1965,,Bickerstaffe,J. Stockley,Ind,Unop,0,2,,,,,,Source: Liverpool Daily Post 1965-05-11 p.9,,,,,,,
,,,,,1965,,Halsall,J. P. Cropper,Con,Unop,0,2,,,,,,Source: Liverpool Daily Post 1965-05-11 p.9,,,,,,,
,,,,,1965,,Halsall,A. P. Trower,Ind,Unop,0,2,,,,,,Source: Liverpool Daily Post 1965-05-11 p.9,,,,,,,
,,,,,1965,,Netherton,T. W. Highet,Ind,96,0,1,,,,,,Source: Liverpool Daily Post 1965-05-11 p.9,,,,,,,
,,,,,1965,,Netherton,J. England,Con,68,0,1,,,,,,Source: Liverpool Daily Post 1965-05-11 p.9,,,,,,,
,,,,,1965,,Scarisbrick,G. Ainscough,Ind,Unop,0,2,,,,,,Source: Liverpool Daily Post 1965-05-11 p.9,,,,,,,
,,,,,1965,,Scarisbrick,G. F. Swarbrick,Ind,Unop,0,2,,,,,,Source: Liverpool Daily Post 1965-05-11 p.9,,,,,,,
,,,,,1965,,Sefton,J. H. Ellison,Ind,Unop,0,2,,,,,,Source: Liverpool Daily Post 1965-05-11 p.9,,,,,,,
,,,,,1965,,Sefton,W. Stubbs,Ind,Unop,0,2,,,,,,Source: Liverpool Daily Post 1965-05-11 p.9,,,,,,,
,,,,,1966,,Aintree,N. Highet,RPA,805,0,5,,,,,,Sounce: Liverpool Daily Post 1966-05-10 p.5,,,,,,,
,,,,,1966,,Aintree,W. E. Thornbury,RPA,730,0,5,,,,,,Sounce: Liverpool Daily Post 1966-05-10 p.5,,,,,,,
,,,,,1966,,Aintree,A. V. Newton,RPA,659,0,5,,,,,,Sounce: Liverpool Daily Post 1966-05-10 p.5,,,,,,,
,,,,,1966,,Aintree,R. H. Lloyd,RPA,648,0,5,,,,,,Sounce: Liverpool Daily Post 1966-05-10 p.5,,,,,,,
,,,,,1966,,Aintree,G. W. Hornby,Con,600,0,5,,,,,,Sounce: Liverpool Daily Post 1966-05-10 p.5,,,,,,,
,,,,,1966,,Aintree,T. R. Lewis,Con,553,0,5,,,,,,Sounce: Liverpool Daily Post 1966-05-10 p.5,,,,,,,
,,,,,1966,,Aintree,A. L Birch,Con,462,0,5,,,,,,Sounce: Liverpool Daily Post 1966-05-10 p.5,,,,,,,
,,,,,1966,,Aintree,K. L. Cundle,Con,418,0,5,,,,,,Sounce: Liverpool Daily Post 1966-05-10 p.5,,,,,,,
,,,,,1966,,Aughton,H. E. Skaife,Con,781,0,1,,,,,,Sounce: Liverpool Daily Post 1966-05-10 p.5,,,,,,,
,,,,,1966,,Aughton,W. Thomson,RPA,560,0,1,,,,,,Sounce: Liverpool Daily Post 1966-05-10 p.5,,,,,,,
,,,,,1966,,Bispham,J. J. Dickinson,Ind,Unop,0,1,,,,,,Sounce: Liverpool Daily Post 1966-05-10 p.5,,,,,,,
,,,,,1966,,Lydiate North,Miss. M. J. Barnes,Ind,Unop,1,1,,,,,,Sounce: Liverpool Daily Post 1966-05-10 p.5,,,,,,,
,,,,,1966,,Lydiate South,Mrs W. Tyrer,Ind,Unop,1,2,,,,,,Sounce: Liverpool Daily Post 1966-05-10 p.5,,,,,,,
,,,,,1966,,Lydiate South,J. F. Ward,Lib,Unop,0,2,,,,,,Sounce: Liverpool Daily Post 1966-05-10 p.5,,,,,,,
,,,,,1966,,Lydiate West,E. O. Thomas,Ind,Unop,0,1,,,,,,Sounce: Liverpool Daily Post 1966-05-10 p.5,,,,,,,
,,,,,1966,,North Meols,H. Cropper,Ind,Unop,0,2,,,,,,Sounce: Liverpool Daily Post 1966-05-10 p.5,,,,,,,
,,,,,1966,,North Meols,J. Schwartaman,Ind,Unop,0,2,,,,,,Sounce: Liverpool Daily Post 1966-05-10 p.5,,,,,,,
,,,,,1966,,Simonswood,J. Rimmer,Ind,Unop,0,1,,,,,,Sounce: Liverpool Daily Post 1966-05-10 p.5,,,,,,,
,,,,,1966,,Tarleton,R. Farrington,Ind,360,0,2,,,,,,Sounce: Liverpool Daily Post 1966-05-10 p.5,,,,,,,
,,,,,1966,,Tarleton,J. Hunter,Ind,325,0,2,,,,,,Sounce: Liverpool Daily Post 1966-05-10 p.5,,,,,,,
,,,,,1966,,Tarleton,P. Rimmer,Ind,324,0,2,,,,,,Sounce: Liverpool Daily Post 1966-05-10 p.5,,,,,,,
,,,,,1966,,Tarleton,J. Pass,Ind,200,0,2,,,,,,Sounce: Liverpool Daily Post 1966-05-10 p.5,,,,,,,
,,,,,1966,,Thornton,R. Phillips,Con,Unop,0,2,,,,,,Sounce: Liverpool Daily Post 1966-05-10 p.5,,,,,,,
,,,,,1966,,Thornton,J. R. Price,Ind,Unop,0,2,,,,,,Sounce: Liverpool Daily Post 1966-05-10 p.5,,,,,,,
,,,,,1967,,,,,,,,,,,,,,,,,,,,
,,,,,1968,,Altcar,W. H. Storey,Ind,Unop,0,1,,,,,,Source: Liverpool Daily Post 1968-05-07 p.5,,,,,,,
,,,,,1968,,Aughton,H. F. Skaife,Con,1463,0,5,,,,,,Source: Liverpool Daily Post 1968-05-07 p.5,,,,,,,
,,,,,1968,,Aughton,W. E. Rothwell,Con,1415,0,5,,,,,,Source: Liverpool Daily Post 1968-05-07 p.5,,,,,,,
,,,,,1968,,Aughton,J. K. Phillips,Con,1336,0,5,,,,,,Source: Liverpool Daily Post 1968-05-07 p.5,,,,,,,
,,,,,1968,,Aughton,Mrs. E. Parry,Con,1319,1,5,,,,,,Source: Liverpool Daily Post 1968-05-07 p.5,,,,,,,
,,,,,1968,,Aughton,D. Burns,Con,1281,0,5,,,,,,Source: Liverpool Daily Post 1968-05-07 p.5,,,,,,,
,,,,,1968,,Aughton,W. Thomson,RPA,808,0,5,,,,,,Source: Liverpool Daily Post 1968-05-07 p.5,,,,,,,
,,,,,1968,,Bickerstaffe,S. Chatterton,Ind,Unop,0,2,,,,,,Source: Liverpool Daily Post 1968-05-07 p.5,,,,,,,
,,,,,1968,,Bickerstaffe,J. Stockley,Ind,Unop,0,2,,,,,,Source: Liverpool Daily Post 1968-05-07 p.5,,,,,,,
,,,,,1968,,Halsall,J. P. Cropper,Con,Unop,0,2,,,,,,Source: Liverpool Daily Post 1968-05-07 p.5,,,,,,,
,,,,,1968,,Halsall,Mrs. P. E. Trower,Ind,Unop,1,2,,,,,,Source: Liverpool Daily Post 1968-05-07 p.5,,,,,,,
,,,,,1968,,Netherton,T. W. Highet,Ind,Unop,0,1,,,,,,Source: Liverpool Daily Post 1968-05-07 p.5,,,,,,,
,,,,,1968,,Scarisbrick,G. Ainscough,Ind,Unop,0,2,,,,,,Source: Liverpool Daily Post 1968-05-07 p.5,,,,,,,
,,,,,1968,,Scarisbrick,G. F. Swarbrick,Ind,Unop,0,2,,,,,,Source: Liverpool Daily Post 1968-05-07 p.5,,,,,,,
,,,,,1968,,Sefton,J. H. Ellison,Ind,Unop,0,2,,,,,,Source: Liverpool Daily Post 1968-05-07 p.5,,,,,,,
,,,,,1968,,Sefton,J. Sweeney,Ind,Unop,0,2,,,,,,Source: Liverpool Daily Post 1968-05-07 p.5,,,,,,,
,,,,,1969,,Aintree,N. Highet,RPA,1314,0,5,,,,,,Liverpool Daily Post 1969-05-06 p.9,,,,,,,
,,,,,1969,,Aintree,W. E. Thornbury,RPA,1270,0,5,,,,,,Liverpool Daily Post 1969-05-06 p.9,,,,,,,
,,,,,1969,,Aintree,R. H. Goudie,RPA,1198,0,5,,,,,,Liverpool Daily Post 1969-05-06 p.9,,,,,,,
,,,,,1969,,Aintree,R. H. Lloyd,RPA,1170,0,5,,,,,,Liverpool Daily Post 1969-05-06 p.9,,,,,,,
,,,,,1969,,Aintree,A. V. Newton,RPA,1159,0,5,,,,,,Liverpool Daily Post 1969-05-06 p.9,,,,,,,
,,,,,1969,,Aintree,G. W. Hornby,Con,1158,0,5,,,,,,Liverpool Daily Post 1969-05-06 p.9,,,,,,,
,,,,,1969,,Aintree,T. R. Lewis,Con,1098,0,5,,,,,,Liverpool Daily Post 1969-05-06 p.9,,,,,,,
,,,,,1969,,Aintree,T. W. Martland,Con,991,0,5,,,,,,Liverpool Daily Post 1969-05-06 p.9,,,,,,,
,,,,,1969,,Aintree,R. J. Green,Con,900,0,5,,,,,,Liverpool Daily Post 1969-05-06 p.9,,,,,,,
,,,,,1969,,Aintree,W. F. Brearley,Con,739,0,5,,,,,,Liverpool Daily Post 1969-05-06 p.9,,,,,,,
,,,,,1969,,Aintree,I. G. James,Lab,270,0,5,,,,,,Liverpool Daily Post 1969-05-06 p.9,,,,,,,
,,,,,1969,,Lydiate South,L. Hancock,Lydiate Assn,360,0,2,,,,,,Liverpool Daily Post 1969-05-06 p.9,,,,,,,
,,,,,1969,,Lydiate South,Mrs W. Tyrer,Ind,201,1,2,,,,,,Liverpool Daily Post 1969-05-06 p.9,,,,,,,
,,,,,1969,,Lydiate South,J. F. Ward,Ind,159,0,2,,,,,,Liverpool Daily Post 1969-05-06 p.9,,,,,,,
,,,,,1969,,North Meols,H. Cropper,Ind,568,0,2,,,,,,Liverpool Daily Post 1969-05-06 p.9,,,,,,,
,,,,,1969,,North Meols,J. Schwartaman,Ind,501,0,2,,,,,,Liverpool Daily Post 1969-05-06 p.9,,,,,,,
,,,,,1969,,North Meols,K. W. Morris,Ind,387,0,2,,,,,,Liverpool Daily Post 1969-05-06 p.9,,,,,,,
,,,,,1969,,Tarleton,R. Farrington,Ind,520,0,2,,,,,,Liverpool Daily Post 1969-05-06 p.9,,,,,,,
,,,,,1969,,Tarleton,J. Ashcroft,Ind,477,0,2,,,,,,"Draw, elected. Liverpool Daily Post 1969-05-06 p.9",,,,,,,
,,,,,1969,,Tarleton,L. Clayton,Ind,477,0,2,,,,,,Liverpool Daily Post 1969-05-06 p.9,,,,,,,
,,,,,1969,,Tarleton,J. Caunce,Ind,315,0,2,,,,,,Liverpool Daily Post 1969-05-06 p.9,,,,,,,
,,,,,1970,,Downholland,R. Kirkby,Ind,Unop,0,1,,,,,,Source: Liverpool Daily Post 1970-05-05 p.7,,,,,,,
,,,,,1970,,Hesketh with Becconsall,Mrs. E. M. Cropper,,Unop,1,1,,,,,,Source: Liverpool Daily Post 1970-05-05 p.7,,,,,,,
,,,,,1970,,Ince Blundell,F. C. Sturmer,Ind,Unop,0,1,,,,,,Source: Liverpool Daily Post 1970-05-05 p.7,,,,,,,
,,,,,1970,,Maghull North,C. J. Currall,Con,Unop,0,3,,,,,,Source: Liverpool Daily Post 1970-05-05 p.7,,,,,,,
,,,,,1970,,Maghull North,W. W. Kenney,Con,Unop,0,3,,,,,,Source: Liverpool Daily Post 1970-05-05 p.7,,,,,,,
,,,,,1970,,Maghull North,H. R. Stephenson,Con,Unop,0,3,,,,,,Source: Liverpool Daily Post 1970-05-05 p.7,,,,,,,
,,,,,1970,,Maghull South,J. Boyle,Ind,Unop,0,3,,,,,,Source: Liverpool Daily Post 1970-05-05 p.7,,,,,,,
,,,,,1970,,Maghull South,Mrs. B. E. Long,Ind,Unop,1,3,,,,,,Source: Liverpool Daily Post 1970-05-05 p.7,,,,,,,
,,,,,1970,,Maghull South,H. S. Moreton,Ind,Unop,0,3,,,,,,Source: Liverpool Daily Post 1970-05-05 p.7,,,,,,,
,,,,,1970,,Maghull West,H. Prescott,Ind,Unop,0,3,,,,,,Source: Liverpool Daily Post 1970-05-05 p.7,,,,,,,
,,,,,1970,,Maghull West,W. E. Long,Ind,Unop,0,3,,,,,,Source: Liverpool Daily Post 1970-05-05 p.7,,,,,,,
,,,,,1970,,Maghull West,J. G. Smith,Ind,Unop,0,3,,,,,,Source: Liverpool Daily Post 1970-05-05 p.7,,,,,,,
,,,,,1970,,Melling,Mrs. E. Dallas,Ind,425,1,2,,,,,,Source: Liverpool Daily Post 1970-05-05 p.7,,,,,,,
,,,,,1970,,Melling,H. Sergeant,Ind,334,0,2,,,,,,Source: Liverpool Daily Post 1970-05-05 p.7,,,,,,,
,,,,,1970,,Melling,J. S. Pye,Ind,167,0,2,,,,,,Source: Liverpool Daily Post 1970-05-05 p.7,,,,,,,
,,,,,1970,,Melling,J. A .Mason,Ind,156,0,2,,,,,,Source: Liverpool Daily Post 1970-05-05 p.7,,,,,,,
,,,,,1970,,Rufford,Mrs. V. A. Haigh,Ind,Unop,1,1,,,,,,Source: Liverpool Daily Post 1970-05-05 p.7,,,,,,,
,,,,,1971,,Aintree,,,,,,,,,,,,,,,,,,
,,,,,1971,,Altcar,,,,,,,,,,,,,,,,,,
,,,,,1971,,Aughton,,,,,,,,,,,,,,,,,,
,,,,,1971,,Bickerstaffe,,,,,,,,,,,,,,,,,,
,,,,,1971,,Bispham,,,,,,,,,,,,,,,,,,
,,,,,1971,,Downholland,,,,,,,,,,,,,,,,,,
,,,,,1971,,Halsall,,,,,,,,,,,,,,,,,,
,,,,,1971,,Hesketh with Becconsall,,,,,,,,,,,,,,,,,,
,,,,,1971,,Ince Blundell,,,,,,,,,,,,,,,,,,
,,,,,1971,,Lydiate,,,,,,,,,,,,,,,,,,
,,,,,1971,,Maghull,,,,,,,,,,,,,,,,,,
,,,,,1971,,Melling,,,,,,,,,,,,,,,,,,
,,,,,1971,,Netherton,,,,,,,,,,,,,,,,,,
,,,,,1971,,North Meols,,,,,,,,,,,,,,,,,,
,,,,,1971,,Rufford,,,,,,,,,,,,,,,,,,
,,,,,1971,,Scarisbrick,,,,,,,,,,,,,,,,,,
,,,,,1971,,Sefton,,,,,,,,,,,,,,,,,,
,,,,,1971,,Simonswood,,,,,,,,,,,,,,,,,,
,,,,,1971,,Tarleton,,,,,,,,,,,,,,,,,,
,,,,,1971,,Thornton,,,,,,,,,,,,,,,,,,
,,,,,1972,,Aintree,,,,,,,,,,,,,,,,,,
,,,,,1972,,Altcar,,,,,,,,,,,,,,,,,,
,,,,,1972,,Aughton,,,,,,,,,,,,,,,,,,
,,,,,1972,,Bickerstaffe,,,,,,,,,,,,,,,,,,
,,,,,1972,,Bispham,,,,,,,,,,,,,,,,,,
,,,,,1972,,Downholland,,,,,,,,,,,,,,,,,,
,,,,,1972,,Halsall,,,,,,,,,,,,,,,,,,
,,,,,1972,,Hesketh with Becconsall,,,,,,,,,,,,,,,,,,
,,,,,1972,,Ince Blundell,,,,,,,,,,,,,,,,,,
,,,,,1972,,Lydiate,,,,,,,,,,,,,,,,,,
,,,,,1972,,Maghull,,,,,,,,,,,,,,,,,,
,,,,,1972,,Melling,,,,,,,,,,,,,,,,,,
,,,,,1972,,Netherton,,,,,,,,,,,,,,,,,,
,,,,,1972,,North Meols,,,,,,,,,,,,,,,,,,
,,,,,1972,,Rufford,,,,,,,,,,,,,,,,,,
,,,,,1972,,Scarisbrick,,,,,,,,,,,,,,,,,,
,,,,,1972,,Sefton,,,,,,,,,,,,,,,,,,
,,,,,1972,,Simonswood,,,,,,,,,,,,,,,,,,
,,,,,1972,,Tarleton,,,,,,,,,,,,,,,,,,
,,,,,1972,,Thornton,,,,,,,,,,,,,,,,,,


























































































































































































































































































































































































































































































































































































































































































































